Indice,Nome immagine,Etichetta,Manhattan,Curvature
1,img005219.png,Bona Fide,"dict_values([12, 9, 13, 6, 5, 8, 7, 11, 17, 12, 19, 24, 22, 22, 13, 11, 11, 22, 13, 12, 14, 27, 21, 13, 13, 6, 7, 17, 22, 22, 19, 16, 15, 11, 15, 16, 12, 12, 13, 15, 20, 19, 23, 26, 19, 19, 21, 21, 15, 14, 14, 13, 17, 15, 32, 25, 18, 5, 11])","[0.04166666666666663, 0.02777777777777779, 0.15384615384615385, -0.33333333333333326, -0.44999999999999996, -0.0625, -0.1071428571428572, 0.09090909090909094, 0.47058823529411764, -0.6180555555555554, 0.11842105263157898, 0.4305555555555556, 0.10227272727272729, 0.03409090909090906, -0.6346153846153846, 0.09090909090909094, 0.13636363636363635, 0.39393939393939403, 0.5192307692307692, -0.0625, -0.08928571428571419, 0.12037037037037035, 0.011904761904761862, 0.09615384615384615, 0.13461538461538458, -0.33333333333333326, -0.1071428571428572, -0.2647058823529411, -0.21590909090909083, -0.13636363636363646, 0.06578947368421051, 0.03125, 0.4833333333333333, -0.7045454545454546, -0.03333333333333344, -0.234375, 0.5, -0.02083333333333326, -0.11538461538461542, -0.10000000000000009, 0.0, 0.10526315789473684, -0.05434782608695654, 0.06730769230769229, 0.013157894736842146, -0.03947368421052633, -0.11904761904761907, -0.20238095238095233, -0.31666666666666665, 0.5, 0.017857142857142905, -0.09615384615384626, -0.16176470588235303, -0.06666666666666665, 0.2421875, 0.06000000000000005, -0.05555555555555558, -0.5, 0.13636363636363635]"
2,img005118.png,Bona Fide,"dict_values([13, 8, 12, 6, 5, 8, 8, 12, 17, 12, 17, 20, 18, 16, 12, 9, 12, 15, 13, 13, 12, 27, 21, 12, 11, 4, 7, 13, 14, 12, 14, 14, 16, 8, 14, 17, 9, 10, 10, 13, 20, 13, 16, 20, 13, 13, 10, 11, 10, 10, 12, 11, 15, 9, 30, 17, 10, 5, 12])","[0.11538461538461542, -0.0625, 0.10416666666666663, -0.33333333333333326, -0.5, -0.03125, -0.0625, 0.08333333333333337, 0.5, -0.4236111111111107, 0.07352941176470584, 0.44166666666666665, 0.11111111111111116, 0.0, -0.40625, -0.02777777777777768, 0.20833333333333337, 0.3111111111111112, 0.5, 0.019230769230769273, -0.20833333333333326, 0.12037037037037035, 0.0357142857142857, 0.10416666666666663, -0.20454545454545459, 0.9999999999999936, -0.35714285714285365, -0.24038461538461542, -0.3125, -0.30208333333333326, 0.0714285714285714, -0.03571428571428581, 0.53125, -0.546875, -0.0535714285714286, -0.1470588235294117, 0.4722222222222222, 0.025000000000000022, -0.25, 0.0, 0.03749999999999998, 0.07692307692307687, -0.078125, 0.125, 0.05769230769230771, 0.019230769230769273, -0.23750000000000004, -0.3295454545454546, -0.2124999999999999, 0.44999999999999996, 0.0625, -0.11363636363636354, -0.18333333333333335, -0.13888888888888884, 0.23333333333333328, 0.1029411764705882, -0.07499999999999996, -0.5, 0.14583333333333337]"
3,img005776.png,Bona Fide,"dict_values([13, 10, 12, 6, 7, 10, 8, 9, 12, 10, 16, 18, 18, 16, 10, 11, 13, 18, 11, 10, 13, 26, 21, 13, 12, 7, 7, 13, 10, 11, 20, 13, 13, 10, 14, 17, 11, 12, 13, 10, 21, 13, 15, 16, 14, 12, 12, 9, 13, 12, 15, 14, 15, 11, 31, 16, 11, 6, 12])","[0.07692307692307687, 0.025000000000000022, 0.10416666666666663, -0.33333333333333326, -0.3214285714285714, 0.0, 0.03125, -0.05555555555555558, 0.41666666666666663, -0.583333333333333, 0.15625, 0.40740740740740744, 0.13888888888888884, -0.09375, -0.5, 0.045454545454545414, 0.15384615384615385, 0.40740740740740744, 0.5227272727272727, -0.10000000000000009, -0.09615384615384626, 0.09615384615384615, 0.0357142857142857, 0.07692307692307687, 0.08333333333333337, -0.1785714285714286, -0.1428571428571428, -0.11538461538461542, -0.44999999999999996, -0.2727272727272727, 0.17500000000000004, -0.019230769230769162, 0.5, -0.55, -0.03571428571428581, -0.16176470588235303, 0.4772727272727273, 0.0, -0.13461538461538458, -0.1499999999999999, 0.0357142857142857, 0.09615384615384615, -0.03333333333333344, 0.109375, 0.0892857142857143, -0.02083333333333326, -0.1875, -0.5555555555555556, -0.13461538461538458, 0.4375, 0.06666666666666665, -0.03571428571428581, -0.25, -0.09090909090909083, 0.24193548387096775, 0.125, -0.09090909090909083, -0.41666666666666674, 0.1875]"
4,img005913.png,Bona Fide,"dict_values([13, 11, 11, 5, 3, 9, 10, 12, 17, 8, 19, 24, 15, 17, 8, 10, 11, 22, 9, 9, 15, 27, 22, 14, 11, 4, 10, 13, 16, 15, 13, 13, 10, 7, 17, 18, 7, 9, 14, 13, 21, 13, 17, 22, 13, 15, 16, 16, 13, 8, 10, 14, 18, 12, 31, 19, 13, 4, 12])","[0.07692307692307687, -0.2272727272727273, 0.09090909090909094, -0.55, 1.0, -0.3055555555555556, 0.07499999999999996, 0.04166666666666663, 0.47058823529411764, -1.1354166666666665, 0.17105263157894735, 0.45833333333333337, 0.08333333333333337, 0.08823529411764708, -0.78125, -0.02499999999999991, -0.11363636363636354, 0.4242424242424243, 0.5, -0.16666666666666674, -0.016666666666666607, 0.10185185185185186, 0.022727272727272707, 0.1428571428571429, -0.25, 1.0, -0.19999999999999996, -0.25, -0.25, -0.18333333333333335, 0.038461538461538436, -0.019230769230769162, 0.42500000000000004, -0.8928571428571428, 0.044117647058823484, -0.16666666666666674, 0.4285714285714286, -0.08333333333333326, -0.03571428571428581, 0.0, 0.011904761904761862, 0.019230769230769273, -0.10294117647058831, 0.125, -0.03846153846153855, 0.033333333333333326, -0.109375, -0.203125, -0.23076923076923084, 0.4375, -0.050000000000000044, 0.0, -0.125, -0.04166666666666674, 0.20967741935483875, 0.06578947368421051, -0.05769230769230771, 1.0, -0.16666666666666674]"
5,img005723.png,Bona Fide,"dict_values([12, 10, 13, 6, 5, 9, 8, 10, 15, 10, 16, 21, 22, 20, 14, 10, 11, 15, 12, 12, 14, 26, 21, 12, 10, 5, 6, 17, 23, 24, 16, 15, 14, 10, 14, 17, 8, 9, 11, 14, 18, 16, 20, 26, 17, 19, 19, 18, 13, 10, 11, 12, 15, 10, 29, 23, 15, 4, 13])","[0.02083333333333337, -0.25, 0.15384615384615385, -0.375, -0.5, 0.02777777777777779, 0.0, -0.02499999999999991, 0.4833333333333333, -0.583333333333333, 0.109375, 0.46825396825396826, 0.11363636363636365, 0.025000000000000022, -0.5892857142857142, 0.07499999999999996, 0.15909090909090906, 0.3222222222222223, 0.5, -0.04166666666666674, -0.08928571428571419, 0.125, 0.023809523809523836, 0.10416666666666663, 0.07499999999999996, -0.30000000000000004, -0.125, -0.27941176470588225, -0.2065217391304348, -0.10416666666666674, 0.03125, 0.033333333333333326, 0.4821428571428571, -0.6499999999999999, -0.0714285714285714, -0.13235294117647056, 0.46875, -0.02777777777777768, -0.11363636363636354, -0.08928571428571419, -0.01388888888888884, 0.125, -0.11250000000000004, 0.08653846153846156, 0.0, -0.03947368421052633, -0.09210526315789469, -0.23611111111111116, -0.26923076923076916, 0.475, 0.0, -0.04166666666666674, -0.18333333333333335, -0.2250000000000001, 0.22413793103448276, 0.08695652173913049, -0.10000000000000009, 1.0, -0.09615384615384626]"
6,img000012.png,Bona Fide,"dict_values([14, 9, 9, 4, 4, 11, 8, 10, 18, 11, 19, 15, 6, 14, 3, 11, 11, 22, 4, 7, 12, 24, 17, 14, 12, 6, 11, 7, 8, 8, 18, 7, 5, 10, 12, 14, 12, 11, 13, 8, 20, 11, 15, 15, 12, 7, 12, 12, 12, 14, 13, 14, 18, 11, 28, 19, 12, 3, 9])","[0.1785714285714286, -0.3055555555555556, -0.36111111111111116, 1.0, 1.0, -0.25, -0.3125, 0.07499999999999996, 0.48611111111111116, -0.5757575757575757, 0.11842105263157898, 0.30000000000000004, -0.5833333333319235, 0.0714285714285714, 0.9999999999971807, 0.0, -0.18181818181818188, 0.4696969696969697, 0.9999999999999936, -0.46428571428571064, 0.0, 0.11458333333333337, -0.02941176470588225, 0.0892857142857143, 0.08333333333333337, -0.45833333333333326, 0.11363636363636365, -0.25, -0.40625, -0.15625, 0.16666666666666663, -0.1071428571428572, 0.4, -0.5249999999999999, 0.0625, -0.2142857142857142, 0.5208333333333333, -0.06818181818181812, -0.09615384615384626, -0.0625, 0.03749999999999998, 0.06818181818181823, -0.06666666666666665, 0.1166666666666667, 0.10416666666666663, -0.2142857142857142, -0.22916666666666674, -0.375, -0.20833333333333326, 0.5178571428571428, -0.03846153846153855, -0.0535714285714286, -0.08333333333333326, -0.022727272727272707, 0.2142857142857143, 0.14473684210526316, 0.0, 1.0, -0.19444444444444442]"
7,img005163.png,Bona Fide,"dict_values([13, 8, 11, 5, 5, 9, 7, 11, 13, 9, 15, 22, 19, 23, 12, 10, 11, 22, 11, 11, 11, 27, 20, 12, 11, 5, 7, 15, 22, 23, 18, 12, 12, 10, 13, 17, 9, 10, 11, 14, 20, 18, 22, 27, 19, 19, 22, 21, 14, 10, 12, 13, 15, 15, 32, 26, 19, 4, 11])","[0.13461538461538458, -0.40625, 0.09090909090909094, -0.3999999999999999, -0.5, 0.02777777777777779, -0.0714285714285714, 0.09090909090909094, 0.46153846153846156, -0.8148148148148142, 0.1333333333333333, 0.43181818181818177, 0.03947368421052633, 0.09782608695652173, -0.6458333333333333, 0.050000000000000044, 0.15909090909090906, 0.43181818181818177, 0.5, 0.0, -0.20454545454545459, 0.12962962962962965, 0.025000000000000022, 0.08333333333333337, 0.11363636363636365, -0.3999999999999999, -0.03571428571428581, -0.33333333333333326, -0.21590909090909083, -0.09782608695652173, 0.04166666666666663, -0.02083333333333326, 0.5, -0.7875000000000001, -0.05769230769230771, -0.16176470588235303, 0.4722222222222222, 0.0, -0.18181818181818188, -0.08928571428571419, 0.025000000000000022, 0.09722222222222221, -0.10227272727272729, 0.09259259259259256, 0.0, -0.05263157894736836, -0.09659090909090917, -0.20833333333333326, -0.3660714285714286, 0.44999999999999996, 0.02083333333333337, -0.019230769230769162, -0.25, -0.03333333333333344, 0.25, 0.08653846153846156, -0.03947368421052633, 1.0, -0.18181818181818188]"
8,img005541.png,Bona Fide,"dict_values([12, 9, 11, 5, 6, 10, 6, 9, 16, 13, 18, 13, 17, 19, 9, 11, 11, 21, 9, 8, 9, 29, 18, 13, 12, 9, 10, 13, 14, 13, 27, 11, 10, 17, 9, 13, 14, 13, 14, 9, 22, 16, 19, 20, 16, 13, 20, 20, 19, 17, 16, 15, 18, 16, 32, 26, 17, 5, 11])","[0.08333333333333337, 0.02777777777777779, 0.11363636363636365, -0.3500000000000001, -0.375, 0.025000000000000022, -0.08333333333333326, 0.02777777777777779, 0.46875, -0.3653846153846154, 0.09722222222222221, 0.23076923076923095, 0.08823529411764708, -0.07894736842105265, -0.6527777777777777, 0.022727272727272707, 0.11363636363636365, 0.46031746031746035, 0.5277777777777778, -0.0625, -0.22222222222222232, 0.15517241379310343, -0.02777777777777768, 0.07692307692307687, 0.04166666666666663, -0.11111111111111116, 0.0, -0.14423076923076916, -0.2946428571428572, -0.22115384615384626, 0.16666666666666663, 0.06818181818181823, 0.475, -0.4558823529411764, -0.16666666666666674, -0.28846153846153855, 0.5178571428571428, -0.03846153846153855, -0.125, -0.3055555555555556, 0.011363636363636354, 0.109375, -0.10526315789473695, 0.08750000000000002, 0.03125, -0.05769230769230771, -0.1875, -0.30000000000000004, -0.21052631578947367, 0.5147058823529411, 0.0, -0.06666666666666665, -0.15277777777777768, -0.046875, 0.2578125, 0.125, -0.02941176470588225, -0.5, 0.18181818181818177]"
9,img000014.png,Bona Fide,"dict_values([14, 9, 11, 5, 6, 11, 7, 10, 17, 11, 19, 17, 13, 16, 6, 11, 11, 22, 7, 10, 13, 26, 20, 14, 12, 6, 9, 11, 12, 11, 19, 11, 9, 10, 13, 16, 12, 12, 13, 10, 22, 12, 17, 18, 13, 11, 14, 14, 12, 13, 14, 15, 17, 13, 30, 21, 13, 5, 11])","[0.1428571428571429, -0.02777777777777768, 0.06818181818181823, -0.3999999999999999, -0.41666666666666674, 0.045454545454545414, -0.03571428571428581, 0.050000000000000044, 0.47058823529411764, -0.6060606060606057, 0.13157894736842102, 0.3431372549019608, 0.07692307692307687, 0.0, -0.875, 0.045454545454545414, 0.11363636363636365, 0.4545454545454546, 0.3928571428571429, 0.0, -0.07692307692307687, 0.09615384615384615, 0.012499999999999956, 0.0892857142857143, 0.08333333333333337, -0.375, 0.02777777777777779, -0.18181818181818188, -0.29166666666666674, -0.20454545454545459, 0.1578947368421053, 0.0, 0.4444444444444444, -0.6000000000000001, -0.019230769230769162, -0.171875, 0.5, -0.02083333333333326, -0.15384615384615374, -0.07499999999999996, 0.05681818181818177, 0.02083333333333337, -0.07352941176470584, 0.09722222222222221, 0.038461538461538436, -0.045454545454545414, -0.1785714285714286, -0.3214285714285714, -0.29166666666666674, 0.4807692307692307, 0.0, -0.016666666666666607, -0.16176470588235303, 0.038461538461538436, 0.22499999999999998, 0.13095238095238093, -0.019230769230769162, -0.5, 0.15909090909090906]"
10,img004830.png,Bona Fide,"dict_values([11, 7, 9, 5, 4, 7, 7, 10, 12, 7, 13, 20, 14, 19, 9, 10, 10, 22, 7, 9, 13, 26, 18, 11, 9, 4, 9, 12, 15, 16, 16, 11, 8, 10, 14, 15, 8, 9, 13, 11, 19, 14, 19, 21, 15, 15, 18, 16, 14, 9, 11, 13, 17, 13, 30, 21, 14, 3, 10])","[0.13636363636363635, -0.3571428571428572, 0.05555555555555558, -0.30000000000000004, 0.9999999999999936, -0.42857142857142505, -0.03571428571428581, 0.07499999999999996, 0.47916666666666663, -1.0476190476190474, 0.13461538461538458, 0.42500000000000004, 0.0, 0.10526315789473684, -0.6111111111111112, 0.025000000000000022, -0.19999999999999996, 0.46212121212121215, 0.4285714285714286, -0.05555555555555558, -0.019230769230769162, 0.14423076923076927, -0.04166666666666674, 0.13636363636363635, -0.2777777777777777, 1.0, -0.25, -0.27083333333333326, -0.28333333333333344, -0.140625, 0.046875, 0.0, 0.40625, -0.625, 0.0357142857142857, -0.2333333333333334, 0.46875, -0.08333333333333326, -0.03846153846153855, -0.09090909090909083, -0.013157894736842035, 0.0714285714285714, -0.05263157894736836, 0.09523809523809523, 0.01666666666666672, -0.016666666666666607, -0.09722222222222232, -0.28125, -0.25, 0.4444444444444444, 0.0, -0.03846153846153855, -0.13235294117647056, -0.03846153846153855, 0.23333333333333328, 0.08333333333333337, -0.08928571428571419, 1.0, -0.1499999999999999]"
11,img005019.png,Bona Fide,"dict_values([12, 8, 9, 4, 5, 9, 6, 9, 17, 12, 19, 15, 10, 15, 6, 11, 11, 22, 6, 8, 11, 25, 17, 13, 12, 6, 9, 9, 8, 7, 20, 7, 8, 13, 10, 14, 12, 11, 14, 7, 21, 10, 16, 15, 13, 8, 12, 12, 14, 13, 14, 15, 18, 12, 30, 19, 12, 4, 10])","[0.14583333333333337, -0.375, -0.3055555555555556, 0.999999997423558, -0.5, 0.0, -0.4583333316157052, 0.05555555555555558, 0.47058823529411764, -0.49305555555555536, 0.11842105263157898, 0.288888888888889, -0.02499999999999991, 0.0, -0.5416666666666667, 0.045454545454545414, 0.13636363636363635, 0.46212121212121215, 0.41666666666666663, -0.03125, -0.06818181818181812, 0.12, -0.02941176470588225, 0.09615384615384615, 0.10416666666666663, -0.375, 0.02777777777777779, -0.11111111111111116, -0.4375, -0.3214285714285714, 0.15000000000000002, -0.1428571428571428, 0.53125, -0.375, -0.02499999999999991, -0.2142857142857142, 0.5208333333333333, -0.09090909090909083, -0.0714285714285714, -0.1785714285714286, 0.0357142857142857, 0.025000000000000022, -0.03125, 0.09999999999999998, 0.11538461538461542, -0.125, -0.28125, -0.42708333333333326, -0.1696428571428572, 0.4807692307692307, 0.0, -0.03333333333333344, -0.125, 0.0, 0.23333333333333328, 0.13157894736842102, -0.02083333333333326, 1.0, -0.17500000000000004]"
12,img005302.png,Bona Fide,"dict_values([12, 8, 12, 7, 5, 9, 6, 10, 10, 10, 14, 19, 22, 21, 14, 11, 11, 18, 12, 12, 12, 26, 21, 11, 12, 6, 5, 18, 21, 21, 21, 15, 12, 13, 13, 16, 11, 11, 12, 13, 18, 17, 22, 25, 17, 17, 21, 20, 17, 13, 12, 14, 15, 12, 31, 23, 15, 5, 12])","[0.08333333333333337, -0.03125, 0.10416666666666663, -0.1428571428571428, -0.5, 0.05555555555555558, -0.20833333333333326, 0.050000000000000044, 0.4, -0.5499999999999998, 0.1428571428571429, 0.42105263157894746, 0.10227272727272729, -0.011904761904761862, -0.5535714285714286, 0.13636363636363635, 0.13636363636363635, 0.39814814814814825, 0.5, 0.0, -0.1875, 0.125, 0.04761904761904767, 0.022727272727272707, 0.14583333333333337, -0.20833333333333326, -0.3500000000000001, -0.19444444444444442, -0.23809523809523814, -0.1428571428571428, 0.09523809523809523, 0.08333333333333337, 0.4375, -0.5865384615384615, -0.09615384615384626, -0.1875, 0.5, -0.022727272727272707, -0.10416666666666674, -0.17307692307692313, -0.02777777777777768, 0.13235294117647056, -0.045454545454545414, 0.06999999999999995, 0.02941176470588236, -0.05882352941176472, -0.10119047619047628, -0.23124999999999996, -0.19852941176470584, 0.5192307692307692, -0.0625, 0.017857142857142905, -0.25, -0.20833333333333326, 0.25, 0.04347826086956519, -0.1333333333333333, -0.5, 0.1875]"
13,morphed_img000184_img282038.png,Morphed,"dict_values([12, 9, 11, 5, 5, 8, 6, 11, 13, 9, 17, 16, 15, 19, 7, 10, 11, 21, 9, 9, 12, 27, 18, 13, 11, 6, 8, 11, 17, 17, 21, 11, 11, 12, 12, 15, 11, 12, 12, 12, 21, 16, 19, 21, 17, 14, 20, 20, 15, 13, 15, 13, 17, 14, 31, 25, 18, 6, 10])","[0.08333333333333337, 0.0, 0.11363636363636365, -0.3500000000000001, -0.44999999999999996, -0.0625, -0.16666666666666674, 0.13636363636363635, 0.42307692307692313, -0.7407407407407405, 0.17647058823529416, 0.35416666666666674, 0.06666666666666665, 0.02631578947368418, -0.9642857142857142, 0.025000000000000022, 0.15909090909090906, 0.46825396825396826, 0.5, -0.08333333333333326, -0.0625, 0.13888888888888884, -0.04166666666666674, 0.13461538461538458, 0.06818181818181823, -0.29166666666666674, 0.0, -0.36363636363636354, -0.19117647058823528, -0.08823529411764697, 0.13095238095238093, -0.022727272727272707, 0.5, -0.6354166666666667, -0.04166666666666674, -0.21666666666666656, 0.4772727272727273, 0.02083333333333337, -0.1875, -0.0625, 0.0357142857142857, 0.09375, -0.10526315789473695, 0.0714285714285714, 0.02941176470588236, -0.1071428571428572, -0.14375000000000004, -0.23124999999999996, -0.29166666666666674, 0.46153846153846156, 0.06666666666666665, -0.11538461538461542, -0.1470588235294117, -0.0535714285714286, 0.24193548387096775, 0.10999999999999999, -0.01388888888888884, -0.29166666666666674, 0.07499999999999996]"
14,img004980.png,Bona Fide,"dict_values([7, 6, 4, 1, 4, 8, 3, 6, 20, 12, 20, 6, 5, 12, 6, 10, 9, 19, 4, 3, 4, 17, 11, 9, 10, 6, 10, 4, 4, 2, 20, 2, 6, 14, 4, 8, 14, 11, 11, 3, 17, 9, 12, 8, 9, 4, 11, 12, 13, 15, 14, 14, 15, 12, 19, 17, 13, 2, 7])","[-0.24999999999999645, -0.20833333333332482, 0.3750001911888856, 0.9993285349834998, 1.0, -0.28125, 0.3335569000841584, -0.29166666666525676, 0.5, -0.3472222222222221, 0.09999999999999998, -0.19444444444444442, -0.3999999999999999, -0.02083333333333326, -0.12500204804560866, 0.025000000000000022, -0.25, 0.5087719298245614, 0.12579716979510058, 0.9978742138797317, 0.12579716979510058, 0.08823529411764708, -0.3181818181818181, 0.0, 0.125, -0.33333333333333326, 0.09999999999999998, -0.6241997581364798, 0.25000307206841943, 0.9999723513275168, 0.17500000000000004, 0.9999907837380715, 0.3333333333333418, -0.3035714285714286, 0.2500046081309517, -0.59375, 0.5535714285714286, -0.06818181818181812, -0.13636363636363646, 0.9989371069398659, 0.08823529411764708, -0.25, -0.02083333333333326, -0.375, -0.33333333333333326, 0.2500046081309517, -0.36363636363636354, -0.375, -0.21153846153846145, 0.5166666666666666, -0.017857142857142794, -0.017857142857142794, -0.050000000000000044, 0.04166666666666663, 0.19736842105263153, 0.1470588235294118, 0.11538461538461542, 0.9999999999999747, -0.1071428571428572]"
15,img004989.png,Bona Fide,"dict_values([14, 11, 12, 5, 4, 11, 8, 11, 15, 9, 17, 21, 17, 18, 9, 10, 11, 20, 9, 11, 13, 25, 21, 12, 11, 5, 8, 12, 18, 19, 15, 12, 12, 8, 14, 17, 9, 11, 12, 14, 19, 15, 19, 23, 15, 16, 18, 19, 11, 11, 12, 13, 15, 15, 29, 22, 17, 4, 11])","[0.0892857142857143, -0.25, 0.10416666666666663, -0.5, 1.0, -0.20454545454545459, 0.0, 0.06818181818181823, 0.4666666666666667, -0.8148148148148147, 0.1470588235294118, 0.4365079365079365, 0.1029411764705882, 0.05555555555555558, -0.7777777777777777, 0.025000000000000022, -0.15909090909090917, 0.41666666666666674, 0.4444444444444444, 0.0, -0.11538461538461542, 0.09999999999999998, 0.04761904761904767, 0.04166666666666663, 0.11363636363636365, -0.44999999999999996, 0.03125, -0.39583333333333326, -0.22222222222222232, -0.09210526315789469, 0.06666666666666665, -0.04166666666666674, 0.5, -0.84375, -0.017857142857142794, -0.13235294117647056, 0.4444444444444444, 0.022727272727272707, -0.125, 0.017857142857142905, 0.013157894736842146, 0.01666666666666672, -0.09210526315789469, 0.09782608695652173, -0.050000000000000044, -0.03125, -0.125, -0.1578947368421053, -0.4772727272727273, 0.4772727272727273, 0.0, -0.019230769230769162, -0.19999999999999996, 0.06666666666666665, 0.22413793103448276, 0.06818181818181823, 0.014705882352941124, 1.0, -0.18181818181818188]"
16,img005775.png,Bona Fide,"dict_values([14, 10, 10, 5, 4, 11, 8, 11, 18, 11, 20, 19, 13, 20, 7, 11, 12, 24, 8, 8, 12, 26, 19, 14, 13, 6, 9, 14, 19, 20, 21, 10, 9, 13, 13, 15, 12, 14, 14, 12, 21, 18, 21, 24, 18, 16, 23, 23, 15, 15, 16, 15, 17, 17, 29, 27, 19, 4, 10])","[0.1428571428571429, -0.30000000000000004, 0.025000000000000022, -0.3999999999999999, 1.0, -0.25, 0.0, 0.09090909090909094, 0.4722222222222222, -0.6893939393939392, 0.13749999999999996, 0.35964912280701755, -0.019230769230769162, 0.07499999999999996, -1.0357142857142856, 0.022727272727272707, -0.14583333333333326, 0.45833333333333337, 0.5, -0.125, -0.0625, 0.11538461538461542, 0.0, 0.0714285714285714, 0.11538461538461542, -0.41666666666666674, 0.02777777777777779, -0.25, -0.21052631578947367, -0.07499999999999996, 0.1071428571428571, -0.050000000000000044, 0.4722222222222222, -0.6153846153846154, 0.019230769230769273, -0.19999999999999996, 0.45833333333333337, 0.0357142857142857, -0.125, -0.16666666666666674, 0.023809523809523836, 0.09722222222222221, -0.1071428571428572, 0.08333333333333337, 0.01388888888888884, -0.09375, -0.10869565217391308, -0.19565217391304346, -0.3999999999999999, 0.4833333333333333, 0.03125, -0.050000000000000044, -0.1470588235294117, 0.014705882352941124, 0.22413793103448276, 0.09259259259259256, -0.03947368421052633, 1.0, -0.2250000000000001]"
17,img005148.png,Bona Fide,"dict_values([13, 8, 9, 5, 5, 10, 5, 9, 18, 13, 19, 11, 11, 16, 6, 13, 10, 24, 7, 7, 8, 23, 16, 13, 14, 7, 10, 11, 13, 13, 24, 8, 7, 16, 8, 11, 15, 13, 15, 6, 20, 14, 18, 18, 15, 10, 22, 22, 17, 17, 16, 16, 17, 15, 27, 26, 19, 4, 11])","[0.17307692307692313, -0.40625, 0.0, -0.19999999999999996, -0.5, 0.050000000000000044, -0.19999999999999996, 0.05555555555555558, 0.48611111111111116, -0.39743589743589736, 0.09210526315789469, 0.10606060606060619, 0.0, -0.046875, -0.8541666666666667, 0.11538461538461542, 0.050000000000000044, 0.5, 0.5, -0.03571428571428581, -0.21875, 0.10869565217391308, 0.015625, 0.038461538461538436, 0.1428571428571429, -0.3571428571428572, 0.0, -0.125, -0.2596153846153846, -0.10576923076923084, 0.16666666666666663, 0.03125, 0.4642857142857143, -0.4765625, -0.09375, -0.2954545454545454, 0.5333333333333333, -0.07692307692307687, -0.050000000000000044, -0.5416666666666667, 0.025000000000000022, 0.125, -0.11111111111111116, 0.06944444444444442, 0.01666666666666672, -0.19999999999999996, -0.15340909090909083, -0.23295454545454541, -0.28676470588235303, 0.5147058823529411, -0.015625, -0.015625, -0.13235294117647056, -0.016666666666666607, 0.2407407407407407, 0.11538461538461542, 0.013157894736842146, 1.0, -0.13636363636363646]"
18,img005238.png,Bona Fide,"dict_values([14, 11, 10, 5, 3, 10, 8, 12, 15, 8, 17, 21, 15, 17, 7, 12, 12, 21, 9, 9, 13, 27, 21, 15, 12, 5, 9, 12, 13, 12, 15, 10, 9, 9, 14, 17, 8, 10, 13, 12, 20, 13, 17, 18, 13, 13, 12, 12, 12, 10, 10, 14, 18, 12, 33, 19, 13, 5, 11])","[0.125, 0.06818181818181823, 0.025000000000000022, -0.3999999999999999, 1.0, -0.2749999999999999, -0.03125, 0.10416666666666663, 0.4666666666666667, -0.9895833333333333, 0.16176470588235292, 0.4365079365079365, 0.09999999999999998, 0.05882352941176472, -0.8214285714285714, 0.0625, -0.125, 0.4365079365079365, 0.5, -0.11111111111111116, -0.07692307692307687, 0.12037037037037035, 0.023809523809523836, 0.1333333333333333, 0.08333333333333337, -0.55, 0.02777777777777779, -0.20833333333333326, -0.26923076923076916, -0.22916666666666674, 0.06666666666666665, -0.07499999999999996, 0.4722222222222222, -0.5416666666666667, 0.017857142857142905, -0.19117647058823528, 0.4375, -0.02499999999999991, -0.07692307692307687, -0.02083333333333326, 0.0, 0.038461538461538436, -0.044117647058823595, 0.08333333333333337, 0.0, 0.019230769230769273, -0.23958333333333326, -0.36458333333333326, -0.21875, 0.5, -0.10000000000000009, 0.0, -0.15277777777777768, -0.02083333333333326, 0.23484848484848486, 0.11842105263157898, 0.019230769230769273, -0.6000000000000001, 0.11363636363636365]"
19,img006015.png,Bona Fide,"dict_values([12, 10, 11, 5, 4, 10, 6, 11, 17, 11, 19, 20, 16, 22, 10, 11, 11, 24, 9, 10, 12, 26, 20, 13, 13, 5, 9, 14, 23, 23, 21, 11, 11, 14, 13, 15, 12, 12, 13, 14, 20, 18, 23, 26, 19, 19, 27, 27, 17, 14, 15, 14, 16, 18, 31, 30, 23, 4, 11])","[0.0625, -0.25, 0.11363636363636365, -0.3500000000000001, 1.0, -0.2749999999999999, -0.16666666666666674, 0.11363636363636365, 0.47058823529411764, -0.6818181818181819, 0.13157894736842102, 0.375, 0.0, 0.07954545454545459, -0.7749999999999999, 0.045454545454545414, -0.18181818181818188, 0.45138888888888895, 0.4722222222222222, -0.02499999999999991, -0.125, 0.11538461538461542, 0.025000000000000022, 0.05769230769230771, 0.15384615384615385, -0.6000000000000001, 0.05555555555555558, -0.375, -0.16304347826086962, -0.08695652173913038, 0.0714285714285714, -0.045454545454545414, 0.5, -0.6339285714285714, 0.0, -0.2333333333333334, 0.5, -0.02083333333333326, -0.11538461538461542, -0.0714285714285714, 0.012499999999999956, 0.05555555555555558, -0.10869565217391308, 0.05769230769230771, -0.05263157894736836, -0.05263157894736836, -0.1064814814814814, -0.17129629629629628, -0.3897058823529411, 0.4821428571428571, 0.033333333333333326, -0.0535714285714286, -0.203125, 0.01388888888888884, 0.25, 0.08333333333333337, 0.0, 1.0, -0.18181818181818188]"
20,img004864.png,Bona Fide,"dict_values([12, 9, 12, 6, 3, 7, 9, 11, 16, 12, 19, 24, 27, 21, 18, 8, 11, 14, 13, 13, 14, 27, 22, 11, 9, 4, 5, 21, 24, 26, 14, 16, 15, 9, 16, 17, 7, 8, 9, 18, 17, 17, 23, 30, 18, 21, 18, 16, 13, 9, 9, 9, 13, 8, 32, 20, 14, 4, 11])","[0.0625, -0.3055555555555556, 0.125, -0.375, 1.0, -0.3571428571428572, 0.02777777777777779, 0.045454545454545414, 0.453125, -0.5069444444444444, 0.13157894736842102, 0.48611111111111116, 0.13888888888888884, 0.011904761904761862, -0.4930555555555556, 0.0, -0.06818181818181812, 0.23809523809523814, 0.5, -0.019230769230769162, -0.125, 0.13888888888888884, 0.03409090909090906, 0.13636363636363635, -0.2777777777777777, 0.9998611811020155, -0.5498889448816124, -0.24404761904761907, -0.27604166666666674, -0.1298076923076923, -0.03571428571428581, 0.015625, 0.4833333333333333, -0.6666666666666667, -0.015625, -0.2058823529411764, 0.4642857142857143, 0.0, -0.19444444444444442, -0.02777777777777768, -0.02941176470588225, 0.11764705882352944, -0.04347826086956519, 0.10833333333333328, 0.01388888888888884, -0.023809523809523725, -0.08333333333333326, -0.25, -0.1923076923076923, 0.5, 0.0, -0.11111111111111116, -0.28846153846153855, -0.4375, 0.265625, 0.012499999999999956, -0.1428571428571428, 1.0, -0.18181818181818188]"
21,img004975.png,Bona Fide,"dict_values([14, 12, 14, 8, 3, 9, 10, 13, 18, 12, 21, 26, 24, 22, 16, 11, 11, 17, 14, 14, 15, 27, 23, 15, 12, 4, 7, 18, 27, 27, 10, 17, 16, 6, 17, 19, 7, 7, 11, 20, 19, 18, 22, 31, 19, 23, 19, 19, 9, 8, 9, 11, 15, 11, 31, 21, 14, 5, 12])","[0.0357142857142857, 0.10416666666666663, 0.1071428571428571, -0.25, 1.0, -0.33333333333333326, -0.02499999999999991, 0.07692307692307687, 0.45833333333333337, -0.6180555555555554, 0.1428571428571429, 0.4807692307692307, 0.10416666666666663, 0.11363636363636365, -0.5625, 0.09090909090909094, -0.13636363636363646, 0.2941176470588235, 0.5, -0.017857142857142794, -0.1166666666666667, 0.11111111111111116, 0.04347826086956519, 0.15000000000000002, -0.22916666666666674, 0.9999999999999936, -0.42857142857142505, -0.38888888888888884, -0.19444444444444442, -0.12037037037037046, -0.19999999999999996, 0.014705882352941124, 0.484375, -1.0208333333333335, -0.02941176470588225, -0.13157894736842102, 0.5, -0.1428571428571428, -0.09090909090909083, 0.050000000000000044, 0.0, 0.06944444444444442, -0.09090909090909083, 0.10483870967741937, 0.013157894736842146, 0.0, -0.03289473684210531, -0.125, -0.5416666666666667, 0.46875, -0.02777777777777768, -0.045454545454545414, -0.19999999999999996, -0.11363636363636354, 0.22580645161290325, 0.011904761904761862, -0.1785714285714286, -0.7, 0.125]"
22,img000025.png,Bona Fide,"dict_values([13, 11, 12, 5, 5, 11, 8, 10, 13, 10, 17, 18, 16, 18, 9, 11, 12, 18, 10, 11, 11, 29, 21, 13, 12, 6, 8, 12, 14, 14, 16, 12, 12, 9, 12, 16, 10, 11, 12, 12, 20, 13, 16, 20, 14, 12, 12, 12, 12, 12, 12, 12, 16, 11, 33, 20, 12, 6, 11])","[0.05769230769230771, 0.06818181818181823, 0.125, -0.5, -0.6499999999999999, 0.09090909090909094, 0.03125, 0.025000000000000022, 0.42307692307692313, -0.608333333333333, 0.16176470588235292, 0.40740740740740744, 0.078125, 0.05555555555555558, -0.625, 0.045454545454545414, 0.16666666666666663, 0.40740740740740744, 0.475, 0.022727272727272707, -0.2272727272727273, 0.14655172413793105, 0.023809523809523836, 0.05769230769230771, 0.10416666666666663, -0.33333333333333326, -0.03125, -0.26041666666666674, -0.2946428571428572, -0.1517857142857142, 0.078125, 0.0, 0.5, -0.5694444444444444, -0.08333333333333326, -0.203125, 0.475, 0.0, -0.14583333333333326, -0.02083333333333326, -0.012499999999999956, 0.05769230769230771, -0.125, 0.125, 0.0714285714285714, -0.08333333333333326, -0.21875, -0.38541666666666674, -0.19791666666666674, 0.5, 0.0, -0.08333333333333326, -0.203125, -0.06818181818181812, 0.25757575757575757, 0.15000000000000002, -0.04166666666666674, -0.41666666666666674, 0.13636363636363635]"
23,img004930.png,Bona Fide,"dict_values([14, 10, 13, 6, 5, 9, 9, 10, 15, 11, 19, 24, 18, 20, 9, 11, 11, 22, 11, 12, 12, 26, 20, 14, 14, 5, 7, 15, 17, 16, 18, 15, 12, 9, 13, 16, 11, 11, 12, 16, 19, 17, 18, 23, 17, 16, 15, 16, 14, 13, 13, 14, 15, 16, 29, 22, 16, 5, 13])","[0.0892857142857143, 0.025000000000000022, 0.11538461538461542, -0.41666666666666674, -0.5, -0.02777777777777768, 0.05555555555555558, -0.050000000000000044, 0.43333333333333335, -0.7121212121212119, 0.1578947368421053, 0.4375, 0.09722222222222221, 0.050000000000000044, -0.7916666666666667, 0.09090909090909094, 0.13636363636363635, 0.4015151515151515, 0.4772727272727273, 0.02083333333333337, -0.16666666666666674, 0.125, 0.025000000000000022, 0.0892857142857143, 0.1607142857142857, -0.55, -0.0714285714285714, -0.2416666666666667, -0.25735294117647056, -0.1953125, 0.09722222222222221, 0.08333333333333337, 0.4375, -0.75, -0.09615384615384626, -0.15625, 0.5, -0.022727272727272707, -0.125, 0.0, 0.0, 0.02941176470588236, -0.125, 0.11956521739130432, 0.02941176470588236, -0.015625, -0.21666666666666656, -0.265625, -0.2678571428571428, 0.5, -0.019230769230769162, 0.0, -0.21666666666666656, 0.015625, 0.23275862068965514, 0.11363636363636365, 0.0, -0.6499999999999999, 0.21153846153846156]"
24,img005664.png,Bona Fide,"dict_values([15, 9, 13, 8, 5, 8, 9, 14, 17, 12, 20, 29, 27, 23, 17, 11, 13, 18, 15, 14, 16, 30, 24, 13, 11, 4, 5, 19, 25, 24, 19, 19, 17, 10, 19, 19, 9, 11, 11, 20, 19, 19, 23, 30, 19, 22, 17, 16, 15, 10, 12, 11, 16, 11, 35, 22, 14, 6, 12])","[0.1333333333333333, -0.08333333333333326, 0.05769230769230771, -0.1875, -0.55, -0.0625, -0.11111111111111116, 0.125, 0.4558823529411765, -0.6527777777777775, 0.13749999999999996, 0.49425287356321845, 0.12962962962962965, 0.0, -0.5220588235294117, 0.09090909090909094, 0.1923076923076923, 0.2870370370370371, 0.5166666666666666, -0.0535714285714286, -0.09375, 0.14166666666666672, 0.02083333333333337, 0.13461538461538458, -0.2272727272727273, 0.9998611811020155, -0.6998889448816121, -0.32236842105263164, -0.2250000000000001, -0.171875, 0.06578947368421051, 0.02631578947368418, 0.47058823529411764, -0.7, 0.0, -0.21052631578947367, 0.4444444444444444, 0.045454545454545414, -0.18181818181818188, 0.025000000000000022, -0.03947368421052633, 0.09210526315789469, -0.0652173913043479, 0.09999999999999998, 0.02631578947368418, 0.011363636363636354, -0.13235294117647056, -0.296875, -0.16666666666666674, 0.44999999999999996, 0.0625, -0.13636363636363646, -0.21875, -0.2727272727272727, 0.25, 0.05681818181818177, -0.1428571428571428, -0.375, 0.08333333333333337]"
25,img005646.png,Bona Fide,"dict_values([14, 10, 11, 6, 6, 11, 7, 10, 16, 11, 19, 18, 15, 18, 9, 10, 11, 21, 11, 9, 12, 25, 18, 14, 12, 7, 9, 12, 18, 18, 20, 11, 12, 11, 12, 15, 12, 11, 13, 13, 20, 15, 19, 21, 16, 13, 19, 19, 14, 14, 14, 13, 16, 13, 30, 24, 17, 5, 11])","[0.125, 0.025000000000000022, 0.045454545454545414, -0.25, -0.41666666666666674, 0.045454545454545414, -0.0714285714285714, 0.050000000000000044, 0.453125, -0.6060606060606057, 0.14473684210526316, 0.37037037037037035, 0.050000000000000044, 0.01388888888888884, -0.7083333333333333, 0.0, 0.13636363636363635, 0.4365079365079365, 0.5454545454545454, -0.13888888888888884, -0.0625, 0.12, -0.01388888888888884, 0.0892857142857143, 0.0625, -0.25, 0.02777777777777779, -0.36458333333333326, -0.1875, -0.07638888888888884, 0.13749999999999996, -0.045454545454545414, 0.5208333333333333, -0.6704545454545454, -0.04166666666666674, -0.19999999999999996, 0.5208333333333333, -0.06818181818181812, -0.09615384615384626, -0.019230769230769162, 0.025000000000000022, 0.06666666666666665, -0.09210526315789469, 0.059523809523809534, 0.03125, -0.15384615384615374, -0.13815789473684204, -0.23026315789473695, -0.2946428571428572, 0.5, 0.017857142857142905, -0.07692307692307687, -0.171875, -0.05769230769230771, 0.2416666666666667, 0.10416666666666663, -0.014705882352941124, -0.55, 0.15909090909090906]"
26,img005313.png,Bona Fide,"dict_values([12, 10, 12, 5, 5, 8, 8, 11, 16, 11, 18, 24, 16, 20, 7, 11, 12, 22, 10, 12, 12, 27, 20, 12, 12, 5, 7, 13, 15, 13, 17, 14, 12, 8, 14, 16, 12, 11, 12, 15, 20, 16, 17, 20, 16, 15, 13, 14, 13, 12, 13, 15, 17, 15, 30, 20, 15, 4, 12])","[0.04166666666666663, -0.25, 0.14583333333333337, -0.5, -0.5, -0.03125, 0.0, 0.045454545454545414, 0.46875, -0.6893939393939392, 0.125, 0.4375, 0.078125, 0.08750000000000002, -0.9285714285714286, 0.06818181818181823, 0.16666666666666663, 0.4015151515151515, 0.44999999999999996, 0.04166666666666663, -0.16666666666666674, 0.12962962962962965, 0.012499999999999956, 0.08333333333333337, 0.14583333333333337, -0.44999999999999996, -0.0714285714285714, -0.25, -0.2333333333333334, -0.25, 0.08823529411764708, 0.0357142857142857, 0.45833333333333337, -0.78125, -0.03571428571428581, -0.1875, 0.5208333333333333, -0.045454545454545414, -0.14583333333333326, 0.01666666666666672, 0.012499999999999956, 0.03125, -0.08823529411764697, 0.09999999999999998, 0.03125, 0.01666666666666672, -0.25, -0.2857142857142858, -0.25, 0.47916666666666663, -0.019230769230769162, 0.0, -0.16176470588235303, 0.01666666666666672, 0.22499999999999998, 0.11250000000000004, 0.01666666666666672, 1.0, -0.14583333333333326]"
27,img005821.png,Bona Fide,"dict_values([12, 9, 12, 5, 7, 8, 6, 10, 13, 12, 15, 15, 18, 18, 11, 12, 11, 20, 11, 11, 11, 28, 19, 13, 12, 7, 8, 14, 12, 12, 23, 12, 12, 14, 12, 16, 12, 13, 14, 10, 21, 15, 18, 19, 15, 11, 14, 15, 16, 15, 14, 14, 18, 13, 33, 22, 14, 6, 12])","[0.0625, 0.0, 0.14583333333333337, -0.3999999999999999, -0.1785714285714286, -0.125, -0.125, 0.050000000000000044, 0.46153846153846156, -0.381944444444444, 0.08333333333333337, 0.3111111111111112, 0.09722222222222221, -0.06944444444444442, -0.46590909090909083, 0.10416666666666663, 0.06818181818181823, 0.44166666666666665, 0.5, 0.0, -0.18181818181818188, 0.1428571428571429, -0.013157894736842035, 0.11538461538461542, 0.08333333333333337, -0.2142857142857142, -0.09375, -0.1160714285714286, -0.40625, -0.23958333333333326, 0.15217391304347827, 0.0, 0.5, -0.4375, -0.08333333333333326, -0.203125, 0.47916666666666663, 0.0, -0.1071428571428572, -0.2250000000000001, 0.0, 0.1166666666666667, -0.06944444444444442, 0.10526315789473684, 0.08333333333333337, -0.11363636363636354, -0.2767857142857142, -0.3583333333333334, -0.1640625, 0.5166666666666666, -0.017857142857142794, -0.0714285714285714, -0.15277777777777768, -0.09615384615384626, 0.24242424242424243, 0.125, -0.017857142857142794, -0.375, 0.16666666666666663]"
28,morphed_img000270_img282038.png,Morphed,"dict_values([14, 9, 12, 6, 5, 10, 7, 10, 16, 11, 18, 19, 16, 20, 10, 10, 12, 21, 9, 11, 11, 26, 20, 13, 12, 6, 8, 13, 18, 18, 19, 13, 11, 12, 14, 15, 11, 12, 13, 12, 19, 16, 20, 22, 16, 16, 20, 20, 15, 13, 15, 14, 17, 15, 31, 25, 19, 5, 11])","[0.125, -0.02777777777777768, 0.08333333333333337, -0.29166666666666674, -0.6000000000000001, 0.050000000000000044, -0.0714285714285714, 0.050000000000000044, 0.46875, -0.5984848484848484, 0.125, 0.38596491228070173, 0.03125, 0.0625, -0.6375, 0.0, 0.1875, 0.4285714285714286, 0.4444444444444444, 0.045454545454545414, -0.20454545454545459, 0.125, 0.03749999999999998, 0.07692307692307687, 0.10416666666666663, -0.33333333333333326, 0.0, -0.29807692307692313, -0.21527777777777768, -0.13194444444444442, 0.07894736842105265, 0.019230769230769273, 0.4545454545454546, -0.59375, 0.0, -0.25, 0.4772727272727273, 0.0, -0.09615384615384626, -0.10416666666666674, -0.013157894736842035, 0.078125, -0.08749999999999991, 0.06818181818181823, -0.046875, -0.03125, -0.15625, -0.23124999999999996, -0.30833333333333335, 0.46153846153846156, 0.050000000000000044, -0.0714285714285714, -0.16176470588235303, -0.016666666666666607, 0.24193548387096775, 0.09999999999999998, 0.02631578947368418, -0.5, 0.15909090909090906]"
29,img005572.png,Bona Fide,"dict_values([11, 8, 11, 5, 5, 8, 7, 10, 14, 10, 18, 19, 15, 19, 10, 11, 10, 21, 10, 10, 11, 28, 19, 13, 12, 5, 8, 13, 18, 18, 18, 11, 11, 10, 13, 15, 11, 11, 11, 11, 20, 16, 19, 23, 15, 16, 20, 19, 13, 13, 12, 13, 16, 13, 32, 25, 17, 5, 11])","[0.06818181818181823, 0.0, 0.13636363636363635, -0.3999999999999999, -0.3999999999999999, -0.0625, -0.03571428571428581, 0.050000000000000044, 0.4285714285714286, -0.7, 0.16666666666666663, 0.3947368421052633, 0.01666666666666672, 0.06578947368421051, -0.6125, 0.09090909090909094, 0.09999999999999998, 0.4365079365079365, 0.5, -0.02499999999999991, -0.15909090909090917, 0.1517857142857143, -0.013157894736842035, 0.11538461538461542, 0.125, -0.5, 0.0, -0.27884615384615374, -0.22916666666666674, -0.13194444444444442, 0.09722222222222221, -0.045454545454545414, 0.5, -0.7250000000000001, 0.0, -0.25, 0.5, 0.0, -0.20454545454545459, -0.15909090909090917, 0.012499999999999956, 0.125, -0.13157894736842102, 0.09782608695652173, -0.050000000000000044, -0.015625, -0.10000000000000009, -0.23684210526315796, -0.34615384615384626, 0.5192307692307692, -0.04166666666666674, -0.03846153846153855, -0.203125, -0.05769230769230771, 0.2578125, 0.12, -0.014705882352941124, -0.44999999999999996, 0.15909090909090906]"
30,img005272.png,Bona Fide,"dict_values([12, 10, 11, 5, 5, 9, 8, 9, 16, 12, 18, 19, 16, 21, 9, 12, 11, 22, 9, 10, 11, 26, 19, 14, 12, 6, 7, 13, 20, 18, 21, 12, 10, 11, 12, 14, 12, 12, 13, 12, 21, 17, 18, 22, 17, 15, 20, 20, 14, 14, 15, 15, 16, 14, 30, 26, 18, 5, 10])","[0.0625, 0.07499999999999996, 0.11363636363636365, -0.44999999999999996, -0.5, -0.02777777777777768, 0.0625, 0.0, 0.46875, -0.5277777777777775, 0.11111111111111116, 0.368421052631579, 0.03125, 0.059523809523809534, -0.7777777777777777, 0.125, 0.11363636363636365, 0.43181818181818177, 0.4722222222222222, 0.0, -0.15909090909090917, 0.11538461538461542, 0.013157894736842146, 0.125, 0.08333333333333337, -0.29166666666666674, -0.1428571428571428, -0.3076923076923077, -0.1499999999999999, -0.125, 0.11904761904761907, 0.04166666666666663, 0.44999999999999996, -0.7159090909090908, -0.04166666666666674, -0.25, 0.5, -0.02083333333333326, -0.13461538461538458, -0.125, 0.0357142857142857, 0.11764705882352944, -0.16666666666666674, 0.06818181818181823, 0.014705882352941124, -0.08333333333333326, -0.1312500000000001, -0.23124999999999996, -0.3303571428571428, 0.4821428571428571, 0.01666666666666672, -0.016666666666666607, -0.203125, -0.0535714285714286, 0.25, 0.13461538461538458, -0.01388888888888884, -0.5, 0.15000000000000002]"
31,img005954.png,Bona Fide,"dict_values([11, 10, 12, 5, 5, 10, 6, 10, 16, 10, 19, 18, 15, 17, 7, 10, 10, 20, 9, 10, 11, 23, 18, 12, 12, 6, 7, 9, 11, 10, 17, 12, 11, 7, 12, 14, 10, 11, 12, 12, 18, 13, 15, 16, 12, 12, 12, 14, 10, 12, 14, 13, 14, 13, 26, 17, 13, 4, 10])","[0.0, -0.2250000000000001, 0.16666666666666663, -0.3999999999999999, -0.5, 0.07499999999999996, -0.125, 0.09999999999999998, 0.453125, -0.6916666666666664, 0.1578947368421053, 0.38888888888888895, 0.09999999999999998, 0.02941176470588236, -0.6964285714285714, 0.07499999999999996, 0.125, 0.43333333333333335, 0.4722222222222222, 0.0, -0.13636363636363646, 0.10869565217391308, 0.02777777777777779, 0.04166666666666663, 0.125, -0.29166666666666674, -0.0714285714285714, -0.3472222222222223, -0.28409090909090917, -0.26249999999999996, 0.1470588235294118, 0.02083333333333337, 0.4772727272727273, -0.875, -0.04166666666666674, -0.1785714285714286, 0.475, 0.0, -0.10416666666666674, 0.04166666666666663, 0.01388888888888884, 0.019230769230769273, -0.050000000000000044, 0.09375, -0.02083333333333326, 0.04166666666666663, -0.21875, -0.1875, -0.36250000000000004, 0.45833333333333337, 0.0535714285714286, -0.03846153846153855, -0.1964285714285714, 0.05769230769230771, 0.23076923076923073, 0.07352941176470584, 0.038461538461538436, 1.0, -0.19999999999999996]"
32,img005925.png,Bona Fide,"dict_values([12, 9, 10, 5, 6, 11, 5, 10, 13, 10, 17, 13, 14, 17, 7, 11, 11, 20, 8, 8, 11, 25, 17, 12, 13, 7, 7, 10, 10, 9, 21, 10, 10, 13, 10, 13, 12, 12, 14, 9, 20, 12, 16, 16, 13, 10, 13, 14, 14, 14, 15, 14, 17, 13, 28, 20, 13, 5, 12])","[0.10416666666666663, 0.02777777777777779, 0.07499999999999996, -0.25, -0.41666666666666674, 0.09090909090909094, -0.25, 0.07499999999999996, 0.42307692307692313, -0.5583333333333331, 0.16176470588235292, 0.28205128205128216, 0.0714285714285714, -0.014705882352941124, -0.6428571428571428, 0.09090909090909094, 0.11363636363636365, 0.475, 0.5, -0.09375, -0.06818181818181812, 0.13, -0.02941176470588225, 0.0, 0.13461538461538458, -0.2142857142857142, -0.1428571428571428, -0.17500000000000004, -0.3500000000000001, -0.2777777777777777, 0.1428571428571429, 0.0, 0.5, -0.42307692307692313, -0.07499999999999996, -0.23076923076923084, 0.5, -0.04166666666666674, -0.0714285714285714, -0.11111111111111116, 0.012499999999999956, 0.04166666666666663, -0.0625, 0.09375, 0.05769230769230771, -0.050000000000000044, -0.26923076923076916, -0.3392857142857142, -0.2142857142857142, 0.4821428571428571, 0.033333333333333326, -0.0714285714285714, -0.11764705882352944, 0.0, 0.2321428571428571, 0.125, 0.0, -0.55, 0.1875]"
33,img005324.png,Bona Fide,"dict_values([13, 11, 11, 6, 5, 9, 10, 11, 13, 9, 16, 19, 17, 17, 12, 10, 11, 18, 10, 10, 12, 28, 21, 15, 11, 4, 9, 14, 18, 19, 15, 11, 11, 10, 14, 18, 9, 9, 12, 10, 20, 13, 19, 24, 14, 17, 19, 17, 13, 9, 10, 14, 17, 9, 32, 23, 14, 5, 11])","[0.07692307692307687, 0.09090909090909094, 0.06818181818181823, -0.375, -0.5, -0.05555555555555558, 0.07499999999999996, 0.022727272727272707, 0.4423076923076923, -0.7129629629629628, 0.15625, 0.4298245614035089, 0.07352941176470584, 0.02941176470588236, -0.5104166666666667, 0.0, 0.15909090909090906, 0.40740740740740744, 0.5, -0.050000000000000044, -0.14583333333333326, 0.1339285714285714, 0.023809523809523836, 0.16666666666666663, -0.2727272727272727, 1.0, -0.25, -0.2410714285714286, -0.27083333333333326, -0.13815789473684204, 0.050000000000000044, -0.06818181818181812, 0.5, -0.6125, -0.017857142857142794, -0.13888888888888884, 0.5, -0.08333333333333326, -0.10416666666666674, -0.17500000000000004, 0.0, 0.13461538461538458, -0.11842105263157898, 0.11458333333333337, -0.0535714285714286, 0.014705882352941124, -0.07236842105263164, -0.2720588235294117, -0.24038461538461542, 0.4722222222222222, -0.07499999999999996, 0.017857142857142905, -0.17647058823529416, -0.22222222222222232, 0.2265625, 0.10869565217391308, -0.08928571428571419, -0.6000000000000001, 0.13636363636363635]"
34,img004914.png,Bona Fide,"dict_values([13, 11, 13, 6, 3, 10, 10, 11, 20, 12, 21, 26, 22, 22, 14, 11, 11, 20, 12, 14, 14, 25, 21, 13, 10, 5, 7, 16, 27, 27, 14, 15, 15, 7, 15, 17, 8, 8, 11, 17, 20, 19, 22, 30, 19, 23, 23, 22, 13, 9, 9, 12, 14, 12, 30, 24, 17, 4, 12])","[0.038461538461538436, -0.2272727272727273, 0.13461538461538458, -0.45833333333333326, 1.0, -0.2250000000000001, 0.07499999999999996, 0.0, 0.48750000000000004, -0.6597222222222221, 0.11904761904761907, 0.46153846153846156, 0.09090909090909094, 0.09090909090909094, -0.6428571428571428, 0.09090909090909094, -0.13636363636363646, 0.35, 0.45833333333333337, 0.0357142857142857, -0.125, 0.08999999999999997, 0.0357142857142857, 0.11538461538461542, 0.050000000000000044, -0.3500000000000001, -0.0714285714285714, -0.421875, -0.16666666666666674, -0.10185185185185186, -0.017857142857142794, 0.0, 0.5, -1.1607142857142856, -0.03333333333333344, -0.16176470588235303, 0.5, -0.09375, -0.13636363636363646, -0.014705882352941124, 0.050000000000000044, 0.11842105263157898, -0.11363636363636354, 0.09166666666666667, -0.026315789473684292, 0.0, -0.03804347826086962, -0.14204545454545459, -0.35576923076923084, 0.5, -0.08333333333333326, 0.02083333333333337, -0.25, -0.16666666666666674, 0.2416666666666667, 0.04166666666666663, -0.11764705882352944, 1.0, -0.14583333333333326]"
35,morphed_img000184_img496816.png,Morphed,"dict_values([12, 9, 11, 5, 5, 10, 7, 10, 14, 11, 17, 18, 16, 21, 8, 11, 11, 21, 9, 10, 10, 26, 20, 11, 11, 7, 8, 11, 19, 19, 21, 11, 12, 13, 11, 16, 11, 12, 12, 12, 21, 17, 20, 23, 17, 16, 21, 21, 15, 13, 15, 13, 17, 16, 30, 26, 20, 5, 11])","[0.08333333333333337, 0.02777777777777779, 0.11363636363636365, -0.3999999999999999, -0.55, 0.09999999999999998, -0.03571428571428581, 0.050000000000000044, 0.4464285714285714, -0.5606060606060603, 0.13235294117647056, 0.37037037037037035, 0.046875, 0.059523809523809534, -0.890625, 0.06818181818181823, 0.13636363636363635, 0.4365079365079365, 0.4722222222222222, 0.025000000000000022, -0.25, 0.10576923076923073, 0.050000000000000044, 0.022727272727272707, 0.09090909090909094, -0.1785714285714286, -0.0625, -0.4204545454545454, -0.17763157894736836, -0.08552631578947367, 0.09523809523809523, -0.022727272727272707, 0.5208333333333333, -0.5769230769230769, -0.11363636363636354, -0.140625, 0.4772727272727273, 0.02083333333333337, -0.1875, -0.08333333333333326, 0.04761904761904767, 0.08823529411764708, -0.11250000000000004, 0.07608695652173914, -0.02941176470588225, -0.0625, -0.15476190476190466, -0.22619047619047628, -0.3500000000000001, 0.46153846153846156, 0.06666666666666665, -0.11538461538461542, -0.13235294117647056, 0.0, 0.22499999999999998, 0.10576923076923073, 0.025000000000000022, -0.5, 0.15909090909090906]"
36,img005563.png,Bona Fide,"dict_values([15, 12, 12, 6, 6, 12, 10, 11, 16, 10, 17, 20, 16, 19, 8, 12, 11, 22, 11, 10, 14, 29, 22, 15, 12, 6, 8, 13, 22, 23, 16, 13, 12, 10, 14, 18, 10, 11, 13, 14, 22, 18, 19, 26, 17, 18, 23, 23, 14, 12, 12, 14, 17, 14, 33, 25, 18, 5, 11])","[0.09999999999999998, 0.08333333333333337, 0.0625, -0.41666666666666674, -0.45833333333333326, 0.0625, 0.07499999999999996, 0.022727272727272707, 0.484375, -0.7083333333333333, 0.11764705882352944, 0.40000000000000013, 0.078125, 0.07894736842105265, -1.03125, 0.10416666666666663, 0.09090909090909094, 0.43939393939393945, 0.5227272727272727, -0.125, -0.0714285714285714, 0.12068965517241381, 0.011363636363636354, 0.09999999999999998, 0.0625, -0.33333333333333326, -0.0625, -0.40384615384615374, -0.17045454545454541, -0.05434782608695654, 0.046875, 0.0, 0.47916666666666663, -0.7749999999999999, -0.0535714285714286, -0.15277777777777768, 0.475, -0.022727272727272707, -0.13461538461538458, -0.0535714285714286, 0.022727272727272707, 0.11111111111111116, -0.17105263157894735, 0.10576923076923073, -0.02941176470588225, -0.05555555555555558, -0.07608695652173902, -0.15217391304347827, -0.375, 0.5, -0.04166666666666674, -0.017857142857142794, -0.19117647058823528, -0.0714285714285714, 0.23484848484848486, 0.07999999999999996, -0.05555555555555558, -0.6499999999999999, 0.13636363636363635]"
37,morphed_img000270_img337488.png,Morphed,"dict_values([13, 11, 12, 5, 5, 10, 8, 10, 16, 10, 17, 20, 15, 19, 10, 10, 12, 22, 11, 9, 12, 27, 21, 13, 12, 6, 8, 12, 19, 18, 17, 13, 12, 11, 14, 17, 11, 11, 12, 12, 20, 16, 19, 23, 15, 16, 18, 19, 13, 12, 13, 13, 16, 13, 31, 24, 17, 5, 12])","[0.05769230769230771, 0.09090909090909094, 0.125, -0.5, -0.6000000000000001, 0.050000000000000044, 0.03125, 0.0, 0.484375, -0.7083333333333333, 0.11764705882352944, 0.40000000000000013, 0.01666666666666672, 0.07894736842105265, -0.6125, 0.0, 0.1875, 0.43939393939393945, 0.5454545454545454, -0.13888888888888884, -0.125, 0.12037037037037035, 0.0357142857142857, 0.07692307692307687, 0.10416666666666663, -0.33333333333333326, 0.0, -0.36458333333333326, -0.19078947368421062, -0.13194444444444442, 0.05882352941176472, 0.0, 0.47916666666666663, -0.5795454545454546, -0.03571428571428581, -0.16176470588235303, 0.5, -0.022727272727272707, -0.14583333333333326, -0.08333333333333326, 0.012499999999999956, 0.109375, -0.11842105263157898, 0.08695652173913049, -0.050000000000000044, -0.015625, -0.15972222222222232, -0.2171052631578947, -0.33653846153846145, 0.47916666666666663, 0.019230769230769273, -0.05769230769230771, -0.1875, -0.05769230769230771, 0.2338709677419355, 0.10416666666666663, 0.014705882352941124, -0.6499999999999999, 0.1875]"
38,img005706.png,Bona Fide,"dict_values([13, 8, 11, 7, 5, 9, 7, 10, 11, 10, 14, 17, 19, 19, 12, 11, 12, 19, 9, 12, 12, 28, 19, 12, 12, 6, 7, 16, 16, 17, 21, 12, 11, 14, 13, 15, 11, 13, 13, 11, 20, 15, 20, 23, 16, 15, 18, 17, 16, 14, 14, 13, 17, 13, 31, 25, 17, 5, 13])","[0.13461538461538458, -0.0625, 0.045454545454545414, -0.1428571428571428, -0.55, 0.02777777777777779, -0.1071428571428572, 0.0, 0.43181818181818177, -0.5333333333333332, 0.125, 0.3823529411764707, 0.09210526315789469, -0.026315789473684292, -0.53125, 0.06818181818181823, 0.16666666666666663, 0.4298245614035089, 0.41666666666666663, 0.0625, -0.14583333333333326, 0.1517857142857143, -0.026315789473684292, 0.0625, 0.125, -0.29166666666666674, -0.1071428571428572, -0.1484375, -0.3359375, -0.1691176470588236, 0.1071428571428571, 0.0, 0.4772727272727273, -0.4553571428571428, -0.019230769230769162, -0.2333333333333334, 0.4545454545454546, 0.038461538461538436, -0.13461538461538458, -0.20454545454545459, -0.012499999999999956, 0.09999999999999998, -0.10000000000000009, 0.10869565217391308, 0.0, -0.050000000000000044, -0.1875, -0.34558823529411775, -0.2109375, 0.5, 0.017857142857142905, -0.09615384615384626, -0.1470588235294117, -0.09615384615384626, 0.24193548387096775, 0.13, 0.0, -0.55, 0.21153846153846156]"
39,img005445.png,Bona Fide,"dict_values([12, 10, 11, 6, 5, 9, 6, 10, 13, 10, 15, 17, 18, 15, 11, 10, 12, 16, 10, 12, 13, 25, 19, 12, 10, 7, 7, 14, 13, 13, 18, 14, 13, 11, 14, 15, 10, 11, 12, 9, 19, 11, 17, 20, 13, 11, 11, 12, 13, 11, 13, 13, 14, 10, 30, 19, 11, 6, 11])","[0.0625, 0.050000000000000044, 0.09090909090909094, -0.20833333333333326, -0.55, 0.02777777777777779, -0.16666666666666674, 0.07499999999999996, 0.46153846153846156, -0.5083333333333331, 0.1166666666666667, 0.41176470588235303, 0.13888888888888884, -0.10000000000000009, -0.48863636363636354, 0.025000000000000022, 0.1875, 0.38541666666666674, 0.44999999999999996, 0.02083333333333337, -0.09615384615384626, 0.12, 0.0, 0.10416666666666663, 0.025000000000000022, -0.1071428571428572, -0.1071428571428572, -0.1160714285714286, -0.375, -0.20192307692307687, 0.13888888888888884, 0.017857142857142905, 0.4807692307692307, -0.4431818181818181, -0.017857142857142794, -0.2333333333333334, 0.475, 0.0, -0.125, -0.19444444444444442, 0.013157894736842146, 0.06818181818181823, -0.07352941176470584, 0.125, 0.07692307692307687, -0.09090909090909083, -0.28409090909090917, -0.38541666666666674, -0.14423076923076916, 0.4545454545454546, 0.038461538461538436, -0.019230769230769162, -0.2678571428571428, -0.10000000000000009, 0.2583333333333333, 0.11842105263157898, -0.045454545454545414, -0.375, 0.13636363636363635]"
40,img005220.png,Bona Fide,"dict_values([14, 10, 11, 5, 5, 11, 9, 12, 18, 11, 19, 21, 14, 20, 9, 13, 12, 24, 7, 9, 13, 28, 21, 14, 13, 6, 10, 13, 18, 19, 19, 10, 8, 13, 13, 17, 11, 11, 14, 11, 21, 16, 20, 25, 15, 16, 21, 20, 15, 12, 14, 15, 19, 14, 32, 26, 18, 4, 11])","[0.125, -0.30000000000000004, 0.06818181818181823, -0.5, -0.6499999999999999, 0.06818181818181823, 0.02777777777777779, 0.08333333333333337, 0.48611111111111116, -0.6969696969696968, 0.11842105263157898, 0.38888888888888884, -0.017857142857142794, 0.08750000000000002, -0.7083333333333333, 0.07692307692307687, 0.125, 0.44444444444444453, 0.4285714285714286, -0.05555555555555558, -0.07692307692307687, 0.125, 0.011904761904761862, 0.0714285714285714, 0.11538461538461542, -0.45833333333333326, 0.025000000000000022, -0.27884615384615374, -0.2569444444444444, -0.09868421052631571, 0.06578947368421051, -0.02499999999999991, 0.4375, -0.5288461538461537, -0.019230769230769162, -0.16176470588235303, 0.5, -0.06818181818181812, -0.0714285714285714, -0.15909090909090917, 0.0, 0.109375, -0.13749999999999996, 0.12, -0.06666666666666665, -0.03125, -0.125, -0.2562500000000001, -0.30833333333333335, 0.45833333333333337, 0.017857142857142905, -0.050000000000000044, -0.11842105263157898, -0.0535714285714286, 0.21875, 0.11538461538461542, 0.0, 1.0, -0.20454545454545459]"
41,img005787.png,Bona Fide,"dict_values([12, 9, 12, 7, 6, 9, 7, 11, 14, 11, 16, 16, 19, 14, 10, 10, 12, 14, 12, 12, 12, 24, 20, 12, 11, 6, 6, 12, 10, 11, 16, 15, 13, 9, 13, 15, 10, 9, 11, 11, 19, 10, 14, 16, 12, 11, 10, 8, 11, 11, 12, 12, 14, 10, 30, 14, 10, 6, 12])","[0.0625, 0.0, 0.10416666666666663, -0.1785714285714286, -0.375, 0.0, -0.1428571428571428, 0.06818181818181823, 0.4642857142857143, -0.4015151515151514, 0.109375, 0.40625, 0.1842105263157895, -0.125, -0.5125, 0.050000000000000044, 0.16666666666666663, 0.34523809523809523, 0.5, 0.0, -0.16666666666666674, 0.09375, 0.050000000000000044, 0.08333333333333337, 0.09090909090909094, -0.20833333333333326, -0.16666666666666674, -0.17708333333333326, -0.4375, -0.23863636363636354, 0.140625, 0.06666666666666665, 0.46153846153846156, -0.4722222222222223, -0.07692307692307687, -0.21666666666666656, 0.525, -0.08333333333333326, -0.13636363636363646, 0.0, 0.03947368421052633, -0.02499999999999991, -0.03571428571428581, 0.125, 0.0625, -0.022727272727272707, -0.2250000000000001, -0.53125, -0.15909090909090917, 0.4772727272727273, 0.02083333333333337, -0.04166666666666674, -0.25, -0.02499999999999991, 0.2583333333333333, 0.1071428571428571, -0.050000000000000044, -0.375, 0.14583333333333337]"
42,img006003.png,Bona Fide,"dict_values([16, 12, 14, 8, 7, 10, 12, 14, 21, 13, 21, 26, 28, 20, 21, 10, 11, 13, 16, 14, 17, 30, 27, 15, 11, 4, 8, 22, 30, 31, 12, 17, 19, 9, 20, 21, 7, 7, 9, 19, 20, 17, 22, 35, 18, 26, 22, 20, 13, 8, 8, 10, 16, 9, 35, 25, 15, 5, 13])","[0.09375, 0.0625, 0.0714285714285714, -0.3125, -0.25, -0.050000000000000044, 0.04166666666666663, 0.0535714285714286, 0.5, -0.4871794871794868, 0.09523809523809523, 0.5, 0.1339285714285714, 0.0, -0.45238095238095233, 0.025000000000000022, 0.11363636363636365, 0.16666666666666674, 0.53125, -0.08928571428571419, -0.10294117647058831, 0.10833333333333328, 0.06481481481481477, 0.15000000000000002, -0.2727272727272727, 1.0, -0.3125, -0.3068181818181819, -0.2250000000000001, -0.12903225806451624, -0.10416666666666674, -0.07352941176470584, 0.5263157894736843, -0.7222222222222223, 0.025000000000000022, -0.15476190476190466, 0.5, -0.0714285714285714, -0.25, -0.013157894736842035, 0.012499999999999956, 0.08823529411764708, -0.18181818181818188, 0.12857142857142856, -0.06944444444444442, 0.028846153846153855, -0.03409090909090917, -0.2124999999999999, -0.28846153846153855, 0.5, -0.0625, -0.10000000000000009, -0.203125, -0.33333333333333326, 0.23571428571428577, 0.07999999999999996, -0.16666666666666674, -0.75, 0.13461538461538458]"
43,img004829.png,Bona Fide,"dict_values([14, 10, 11, 5, 5, 10, 8, 12, 16, 10, 17, 22, 16, 18, 8, 11, 11, 23, 9, 10, 14, 27, 20, 12, 12, 4, 7, 13, 15, 14, 18, 13, 11, 8, 14, 18, 9, 11, 12, 14, 20, 14, 17, 21, 15, 14, 15, 15, 13, 11, 13, 14, 17, 14, 31, 22, 14, 4, 12])","[0.125, -0.30000000000000004, 0.06818181818181823, -0.44999999999999996, -0.55, 0.07499999999999996, -0.03125, 0.08333333333333337, 0.484375, -0.7583333333333329, 0.11764705882352944, 0.41666666666666674, 0.09375, 0.02777777777777779, -0.78125, 0.09090909090909094, 0.13636363636363635, 0.4347826086956522, 0.4722222222222222, -0.07499999999999996, -0.03571428571428581, 0.12962962962962965, -0.012499999999999956, 0.04166666666666663, -0.16666666666666674, 0.9999999999999936, -0.42857142857142505, -0.25, -0.2666666666666666, -0.1964285714285714, 0.13888888888888884, 0.019230769230769273, 0.4545454545454546, -0.859375, -0.0535714285714286, -0.125, 0.4444444444444444, 0.022727272727272707, -0.14583333333333326, 0.017857142857142905, 0.012499999999999956, 0.0, -0.13235294117647056, 0.11904761904761907, 0.033333333333333326, -0.017857142857142794, -0.15833333333333344, -0.29166666666666674, -0.2596153846153846, 0.4545454545454546, 0.019230769230769273, -0.03571428571428581, -0.16176470588235303, 0.017857142857142905, 0.217741935483871, 0.13636363636363635, -0.03571428571428581, 1.0, -0.16666666666666674]"
44,img005997.png,Bona Fide,"dict_values([11, 8, 10, 5, 5, 9, 5, 9, 16, 12, 18, 10, 16, 16, 8, 11, 12, 21, 8, 9, 9, 26, 16, 12, 13, 7, 9, 12, 8, 8, 24, 10, 9, 16, 11, 11, 14, 12, 14, 8, 21, 11, 16, 15, 13, 9, 13, 14, 17, 15, 17, 15, 17, 14, 31, 21, 13, 7, 11])","[0.09090909090909094, -0.0625, 0.09999999999999998, -0.25, -0.55, 0.02777777777777779, -0.19999999999999996, 0.05555555555555558, 0.46875, -0.3888888888888886, 0.11111111111111116, 0.11666666666666681, 0.125, -0.125, -0.5625, 0.022727272727272707, 0.16666666666666663, 0.4920634920634921, 0.46875, 0.02777777777777779, -0.19444444444444442, 0.14423076923076927, -0.046875, 0.04166666666666663, 0.13461538461538458, -0.2857142857142858, 0.0, -0.04166666666666674, -0.53125, -0.34375, 0.16666666666666663, 0.0, 0.4722222222222222, -0.34375, 0.022727272727272707, -0.4545454545454546, 0.5357142857142857, -0.08333333333333326, -0.08928571428571419, -0.21875, 0.023809523809523836, 0.0, -0.0625, 0.09999999999999998, 0.07692307692307687, -0.08333333333333326, -0.32692307692307687, -0.4107142857142858, -0.1470588235294117, 0.4666666666666667, 0.05882352941176472, -0.06666666666666665, -0.17647058823529416, 0.0, 0.27419354838709675, 0.1428571428571429, 0.0, -0.1785714285714286, 0.13636363636363635]"
45,img005050.png,Bona Fide,"dict_values([12, 8, 11, 6, 7, 7, 6, 11, 11, 9, 12, 19, 21, 19, 13, 9, 11, 16, 11, 12, 11, 29, 21, 12, 12, 5, 7, 15, 16, 16, 20, 14, 13, 12, 12, 16, 11, 11, 11, 13, 19, 16, 19, 21, 16, 15, 15, 14, 15, 12, 13, 11, 16, 12, 32, 21, 13, 7, 11])","[0.10416666666666663, -0.09375, 0.09090909090909094, -0.20833333333333326, -0.1428571428571428, -0.1785714285714286, -0.20833333333333326, 0.11363636363636365, 0.4772727272727273, -0.5648148148148147, 0.08333333333333337, 0.4473684210526315, 0.11904761904761907, -0.03947368421052633, -0.48076923076923084, 0.0, 0.13636363636363635, 0.375, 0.4772727272727273, 0.04166666666666663, -0.25, 0.15517241379310343, 0.023809523809523836, 0.10416666666666663, 0.14583333333333337, -0.44999999999999996, 0.0, -0.21666666666666656, -0.296875, -0.203125, 0.11250000000000004, 0.0535714285714286, 0.4807692307692307, -0.5, -0.125, -0.1875, 0.5, 0.0, -0.18181818181818188, -0.09615384615384626, -0.026315789473684292, 0.109375, -0.05263157894736836, 0.08333333333333337, 0.0625, -0.03333333333333344, -0.18333333333333335, -0.375, -0.16666666666666674, 0.47916666666666663, 0.05769230769230771, -0.15909090909090917, -0.171875, -0.14583333333333326, 0.25, 0.1071428571428571, -0.09615384615384626, -0.1785714285714286, 0.09090909090909094]"
46,img005672.png,Bona Fide,"dict_values([13, 10, 12, 7, 6, 8, 8, 13, 17, 10, 18, 24, 23, 19, 15, 10, 12, 14, 13, 14, 15, 29, 22, 13, 10, 5, 6, 17, 20, 20, 13, 16, 16, 6, 17, 19, 9, 7, 10, 14, 19, 15, 19, 25, 16, 18, 15, 14, 10, 8, 9, 10, 16, 8, 32, 20, 11, 6, 13])","[0.07692307692307687, 0.025000000000000022, 0.08333333333333337, -0.2142857142857142, -0.33333333333333326, -0.09375, -0.125, 0.09615384615384615, 0.4852941176470589, -0.6666666666666665, 0.125, 0.5, 0.13043478260869568, 0.02631578947368418, -0.4833333333333334, 0.050000000000000044, 0.16666666666666663, 0.261904761904762, 0.4807692307692307, 0.0, -0.10000000000000009, 0.14655172413793105, 0.0, 0.15384615384615385, 0.050000000000000044, -0.30000000000000004, -0.125, -0.23529411764705888, -0.26249999999999996, -0.17500000000000004, 0.019230769230769273, -0.015625, 0.5, -0.9791666666666667, -0.014705882352941124, -0.14473684210526305, 0.5555555555555556, -0.1785714285714286, -0.1499999999999999, -0.0714285714285714, -0.013157894736842035, 0.1333333333333333, -0.09210526315789469, 0.10999999999999999, 0.046875, 0.0, -0.05833333333333335, -0.2589285714285714, -0.26249999999999996, 0.46875, 0.0, -0.125, -0.15625, -0.28125, 0.2265625, 0.08750000000000002, -0.20454545454545459, -0.45833333333333326, 0.13461538461538458]"
47,img005760.png,Bona Fide,"dict_values([14, 9, 11, 6, 5, 9, 9, 11, 15, 11, 18, 22, 19, 17, 12, 10, 10, 18, 11, 11, 12, 28, 22, 11, 11, 3, 7, 14, 17, 18, 13, 13, 13, 9, 15, 17, 7, 9, 11, 13, 19, 14, 19, 24, 14, 16, 14, 14, 12, 10, 9, 11, 16, 9, 33, 18, 12, 5, 11])","[0.1428571428571429, -0.02777777777777768, 0.045454545454545414, -0.33333333333333326, -0.44999999999999996, 0.05555555555555558, 0.02777777777777779, 0.045454545454545414, 0.44999999999999996, -0.5984848484848484, 0.13888888888888884, 0.446969696969697, 0.11842105263157898, 0.02941176470588236, -0.53125, 0.07499999999999996, 0.125, 0.36111111111111116, 0.5, -0.022727272727272707, -0.1875, 0.1339285714285714, 0.045454545454545414, 0.045454545454545414, -0.13636363636363646, 1.0, -0.3214285714285714, -0.2767857142857142, -0.30147058823529416, -0.14583333333333326, 0.0, -0.03846153846153855, 0.5, -0.5416666666666667, 0.0, -0.2058823529411764, 0.4285714285714286, 0.0, -0.13636363636363646, -0.03846153846153855, -0.013157894736842035, 0.1071428571428571, -0.05263157894736836, 0.125, 0.0, 0.0, -0.1517857142857142, -0.2589285714285714, -0.19791666666666674, 0.525, -0.08333333333333326, -0.06818181818181812, -0.1875, -0.22222222222222232, 0.25, 0.04166666666666663, -0.08333333333333326, -0.5, 0.13636363636363635]"
48,img005561.png,Bona Fide,"dict_values([14, 11, 10, 5, 4, 12, 7, 11, 20, 13, 22, 18, 11, 20, 5, 12, 11, 26, 7, 6, 11, 24, 20, 15, 14, 7, 11, 11, 17, 16, 22, 9, 8, 13, 12, 14, 13, 13, 16, 12, 20, 18, 19, 19, 16, 13, 22, 23, 17, 16, 16, 16, 18, 19, 29, 27, 20, 4, 10])","[0.125, -0.25, 0.025000000000000022, -0.3500000000000001, 1.0, -0.22916666666666674, -0.0714285714285714, 0.11363636363636365, 0.475, -0.5705128205128203, 0.125, 0.3055555555555557, -0.06818181818181812, 0.08750000000000002, -1.275, 0.04166666666666663, -0.20454545454545459, 0.46794871794871795, 0.5357142857142857, -0.25, -0.09090909090909083, 0.08333333333333337, 0.0625, 0.06666666666666665, 0.1071428571428571, -0.3928571428571428, 0.06818181818181823, -0.3295454545454546, -0.13970588235294112, -0.0859375, 0.125, -0.05555555555555558, 0.46875, -0.6442307692307692, 0.02083333333333337, -0.2321428571428572, 0.5, -0.05769230769230771, -0.015625, -0.10416666666666674, 0.0, 0.06944444444444442, -0.10526315789473695, 0.02631578947368418, -0.015625, -0.11538461538461542, -0.15340909090909083, -0.20108695652173902, -0.3308823529411764, 0.5, 0.0, -0.03125, -0.125, 0.03947368421052633, 0.22413793103448276, 0.11111111111111116, 0.025000000000000022, 1.0, -0.2250000000000001]"
49,img005388.png,Bona Fide,"dict_values([12, 10, 11, 6, 3, 9, 8, 11, 13, 9, 16, 20, 15, 19, 9, 10, 11, 21, 10, 9, 14, 25, 20, 13, 10, 6, 8, 12, 19, 18, 17, 12, 11, 8, 14, 16, 10, 9, 13, 14, 19, 16, 18, 22, 15, 17, 19, 19, 13, 11, 12, 14, 15, 15, 30, 22, 17, 5, 11])","[0.0625, 0.07499999999999996, 0.09090909090909094, -0.29166666666666674, 1.0, -0.2777777777777777, -0.03125, 0.06818181818181823, 0.4423076923076923, -0.787037037037037, 0.15625, 0.41666666666666674, 0.033333333333333326, 0.07894736842105265, -0.7222222222222223, 0.025000000000000022, -0.11363636363636354, 0.4365079365079365, 0.525, -0.16666666666666674, -0.017857142857142794, 0.10999999999999999, 0.012499999999999956, 0.13461538461538458, 0.025000000000000022, -0.25, 0.0, -0.39583333333333326, -0.17105263157894735, -0.13888888888888884, 0.1029411764705882, -0.02083333333333326, 0.4772727272727273, -0.953125, 0.0, -0.1875, 0.525, -0.13888888888888884, -0.03846153846153855, 0.0, 0.0, 0.046875, -0.11111111111111116, 0.07954545454545459, -0.06666666666666665, 0.014705882352941124, -0.11184210526315796, -0.17763157894736836, -0.35576923076923084, 0.4772727272727273, -0.02083333333333326, 0.017857142857142905, -0.2333333333333334, 0.01666666666666672, 0.2416666666666667, 0.07954545454545459, 0.0, -0.55, 0.13636363636363635]"
50,img006004.png,Bona Fide,"dict_values([12, 10, 11, 5, 3, 9, 8, 12, 16, 10, 17, 23, 19, 21, 10, 11, 11, 21, 11, 11, 14, 26, 21, 13, 10, 4, 9, 14, 20, 20, 14, 13, 12, 6, 15, 18, 8, 9, 12, 16, 21, 17, 19, 25, 16, 18, 18, 18, 12, 10, 10, 14, 17, 13, 31, 22, 16, 3, 11])","[0.0625, -0.19999999999999996, 0.11363636363636365, -0.44999999999999996, 1.0, -0.2777777777777777, -0.03125, 0.10416666666666663, 0.484375, -0.7416666666666665, 0.11764705882352944, 0.44202898550724645, 0.09210526315789469, 0.1071428571428571, -0.7749999999999999, 0.045454545454545414, -0.13636363636363646, 0.40476190476190477, 0.5, -0.06818181818181812, -0.0714285714285714, 0.09615384615384615, 0.023809523809523836, 0.13461538461538458, -0.2749999999999999, 1.0, -0.2777777777777777, -0.3571428571428572, -0.2124999999999999, -0.125, 0.017857142857142905, -0.019230769230769162, 0.47916666666666663, -1.2083333333333335, -0.016666666666666607, -0.13888888888888884, 0.46875, -0.05555555555555558, -0.125, 0.015625, 0.04761904761904767, 0.07352941176470584, -0.11842105263157898, 0.10999999999999999, -0.03125, 0.0, -0.09722222222222232, -0.18055555555555558, -0.33333333333333326, 0.5, -0.10000000000000009, 0.017857142857142905, -0.16176470588235303, -0.05769230769230771, 0.217741935483871, 0.07954545454545459, -0.03125, 1.0, -0.15909090909090917]"
51,img005141.png,Bona Fide,"dict_values([13, 9, 11, 5, 6, 10, 7, 11, 15, 11, 16, 18, 15, 19, 9, 12, 12, 21, 8, 9, 11, 27, 20, 13, 12, 6, 9, 12, 16, 16, 21, 10, 11, 12, 12, 16, 12, 11, 12, 11, 22, 15, 20, 21, 15, 14, 18, 17, 15, 13, 14, 14, 17, 13, 31, 24, 15, 5, 11])","[0.11538461538461542, 0.0, 0.09090909090909094, -0.3999999999999999, -0.41666666666666674, 0.025000000000000022, -0.0714285714285714, 0.09090909090909094, 0.4833333333333333, -0.5378787878787876, 0.09375, 0.37037037037037035, 0.033333333333333326, 0.02631578947368418, -0.6527777777777777, 0.0625, 0.125, 0.4365079365079365, 0.46875, -0.02777777777777768, -0.15909090909090917, 0.11111111111111116, 0.025000000000000022, 0.07692307692307687, 0.10416666666666663, -0.375, 0.0, -0.28125, -0.2421875, -0.1328125, 0.13095238095238093, -0.07499999999999996, 0.5227272727272727, -0.5833333333333333, -0.04166666666666674, -0.171875, 0.5208333333333333, -0.045454545454545414, -0.1875, -0.11363636363636354, 0.05681818181818177, 0.09999999999999998, -0.0625, 0.0714285714285714, 0.01666666666666672, -0.0535714285714286, -0.13888888888888884, -0.3088235294117647, -0.2333333333333334, 0.4807692307692307, 0.017857142857142905, -0.0535714285714286, -0.16176470588235303, -0.07692307692307687, 0.2338709677419355, 0.11458333333333337, -0.050000000000000044, -0.5, 0.13636363636363635]"
52,morphed_img000270_img054553.png,Morphed,"dict_values([13, 10, 12, 5, 5, 10, 7, 11, 15, 10, 18, 19, 16, 19, 9, 11, 13, 22, 10, 10, 12, 26, 19, 13, 12, 6, 8, 12, 17, 17, 20, 12, 12, 11, 12, 16, 11, 12, 14, 11, 20, 17, 19, 23, 16, 16, 19, 20, 13, 14, 14, 14, 17, 14, 30, 24, 17, 5, 11])","[0.07692307692307687, 0.050000000000000044, 0.125, -0.44999999999999996, -0.6499999999999999, 0.050000000000000044, -0.0714285714285714, 0.09090909090909094, 0.44999999999999996, -0.7166666666666663, 0.1527777777777778, 0.38596491228070173, 0.0625, 0.02631578947368418, -0.7083333333333333, 0.022727272727272707, 0.1923076923076923, 0.446969696969697, 0.5, -0.050000000000000044, -0.10416666666666674, 0.125, 0.0, 0.07692307692307687, 0.10416666666666663, -0.33333333333333326, -0.03125, -0.30208333333333326, -0.24264705882352944, -0.13970588235294112, 0.125, 0.0, 0.5, -0.6704545454545454, -0.08333333333333326, -0.15625, 0.4772727272727273, -0.02083333333333326, -0.0714285714285714, -0.15909090909090917, 0.0, 0.13235294117647056, -0.11842105263157898, 0.10869565217391308, -0.015625, -0.015625, -0.13815789473684204, -0.1937500000000001, -0.375, 0.5, 0.0, -0.0535714285714286, -0.1470588235294117, -0.03571428571428581, 0.22499999999999998, 0.09375, -0.014705882352941124, -0.55, 0.13636363636363635]"
53,img005647.png,Bona Fide,"dict_values([14, 9, 10, 5, 5, 10, 7, 10, 19, 13, 23, 16, 14, 21, 7, 12, 13, 25, 9, 8, 11, 26, 19, 13, 13, 8, 10, 11, 19, 19, 26, 10, 9, 17, 11, 14, 14, 14, 14, 11, 22, 18, 23, 22, 18, 16, 25, 26, 18, 17, 17, 17, 18, 17, 30, 29, 23, 5, 10])","[0.1607142857142857, -0.02777777777777768, 0.025000000000000022, -0.3500000000000001, -0.6499999999999999, 0.050000000000000044, -0.03571428571428581, 0.07499999999999996, 0.4473684210526315, -0.5512820512820511, 0.15217391304347827, 0.27083333333333337, 0.0, 0.023809523809523836, -1.0, 0.02083333333333337, 0.17307692307692313, 0.4733333333333334, 0.5277777777777778, -0.125, -0.11363636363636354, 0.10576923076923073, 0.013157894736842146, 0.05769230769230771, 0.09615384615384615, -0.21875, 0.0, -0.38636363636363646, -0.1578947368421053, -0.07894736842105265, 0.13461538461538458, 0.0, 0.4722222222222222, -0.5147058823529411, -0.045454545454545414, -0.2321428571428572, 0.5, 0.0, -0.1428571428571428, -0.15909090909090917, 0.045454545454545414, 0.11111111111111116, -0.05434782608695654, 0.022727272727272707, -0.04166666666666674, -0.078125, -0.15999999999999992, -0.1923076923076923, -0.33333333333333326, 0.5, 0.0, -0.014705882352941124, -0.15277777777777768, -0.02941176470588225, 0.23333333333333328, 0.07758620689655171, 0.03260869565217395, -0.44999999999999996, 0.125]"
54,img005426.png,Bona Fide,"dict_values([14, 13, 13, 5, 4, 11, 10, 13, 19, 10, 20, 25, 19, 19, 10, 12, 11, 21, 10, 11, 15, 27, 23, 14, 12, 4, 8, 15, 21, 21, 14, 14, 12, 6, 17, 18, 8, 8, 12, 16, 20, 16, 20, 26, 16, 18, 19, 20, 14, 8, 11, 14, 16, 13, 32, 21, 16, 4, 12])","[0.0357142857142857, -0.17307692307692313, 0.13461538461538458, -0.6499999999999999, 1.0, -0.25, 0.050000000000000044, 0.07692307692307687, 0.48684210526315785, -0.8500000000000001, 0.13749999999999996, 0.4600000000000001, 0.11842105263157898, 0.06578947368421051, -0.8125, 0.10416666666666663, -0.20454545454545459, 0.38888888888888895, 0.475, -0.06818181818181812, -0.06666666666666665, 0.10185185185185186, 0.04347826086956519, 0.0892857142857143, -0.20833333333333326, 1.0, -0.375, -0.32499999999999996, -0.20833333333333326, -0.11309523809523814, 0.0535714285714286, -0.017857142857142794, 0.45833333333333337, -1.3125, 0.02941176470588236, -0.18055555555555558, 0.5, -0.125, -0.08333333333333326, 0.015625, 0.012499999999999956, 0.046875, -0.08749999999999991, 0.10576923076923073, -0.03125, -0.01388888888888884, -0.09868421052631571, -0.1312500000000001, -0.2589285714285714, 0.40625, 0.0, 0.017857142857142905, -0.21875, -0.07692307692307687, 0.234375, 0.023809523809523836, -0.046875, 1.0, -0.1875]"
55,img005953.png,Bona Fide,"dict_values([15, 10, 12, 6, 4, 10, 9, 12, 17, 12, 19, 23, 20, 16, 11, 10, 11, 17, 11, 13, 14, 26, 22, 13, 11, 4, 7, 13, 13, 12, 13, 15, 13, 6, 16, 18, 7, 7, 11, 13, 19, 13, 16, 19, 13, 14, 9, 10, 10, 8, 9, 11, 15, 9, 31, 16, 10, 6, 12])","[0.1333333333333333, -0.02499999999999991, 0.0625, -0.375, 1.0, -0.2749999999999999, 0.0, 0.0625, 0.47058823529411764, -0.5347222222222221, 0.11842105263157898, 0.4565217391304348, 0.16249999999999998, -0.015625, -0.5113636363636365, 0.050000000000000044, -0.15909090909090917, 0.32352941176470584, 0.4545454545454546, 0.019230769230769273, -0.125, 0.10576923076923073, 0.045454545454545414, 0.09615384615384615, -0.2272727272727273, 0.9999999999999936, -0.39285714285713924, -0.22115384615384626, -0.33653846153846145, -0.30208333333333326, 0.07692307692307687, 0.01666666666666672, 0.46153846153846156, -0.7708333333333333, -0.015625, -0.15277777777777768, 0.5, -0.1428571428571428, -0.09090909090909083, 0.0, 0.013157894736842146, 0.07692307692307687, -0.046875, 0.11842105263157898, 0.038461538461538436, 0.0535714285714286, -0.26388888888888884, -0.3374999999999999, -0.1625000000000001, 0.46875, -0.02777777777777768, -0.045454545454545414, -0.19999999999999996, -0.13888888888888884, 0.2338709677419355, 0.09375, -0.050000000000000044, -0.41666666666666674, 0.125]"
56,img005249.png,Bona Fide,"dict_values([13, 10, 12, 6, 4, 10, 9, 10, 15, 9, 18, 21, 18, 20, 12, 10, 9, 20, 10, 12, 13, 27, 19, 13, 10, 6, 8, 14, 21, 22, 15, 13, 11, 10, 13, 16, 9, 10, 13, 14, 19, 15, 21, 26, 16, 17, 20, 20, 14, 10, 11, 13, 16, 12, 30, 23, 16, 4, 10])","[0.07692307692307687, -0.2749999999999999, 0.10416666666666663, -0.375, 1.0, -0.2749999999999999, 0.05555555555555558, 0.025000000000000022, 0.44999999999999996, -0.8425925925925926, 0.16666666666666663, 0.4365079365079365, 0.05555555555555558, 0.08750000000000002, -0.59375, 0.07499999999999996, -0.25, 0.41666666666666674, 0.44999999999999996, 0.02083333333333337, -0.09615384615384626, 0.14814814814814814, -0.026315789473684292, 0.11538461538461542, 0.025000000000000022, -0.25, 0.0, -0.3660714285714286, -0.22023809523809534, -0.08522727272727271, 0.0, 0.038461538461538436, 0.4545454545454546, -0.675, -0.05769230769230771, -0.171875, 0.4722222222222222, -0.050000000000000044, -0.05769230769230771, -0.017857142857142794, -0.026315789473684292, 0.06666666666666665, -0.08333333333333326, 0.09615384615384615, -0.015625, -0.05882352941176472, -0.10000000000000009, -0.1875, -0.2857142857142858, 0.475, -0.022727272727272707, -0.019230769230769162, -0.171875, -0.10416666666666674, 0.23333333333333328, 0.05434782608695654, -0.0625, 1.0, -0.19999999999999996]"
57,img005113.png,Bona Fide,"dict_values([13, 9, 12, 5, 6, 9, 8, 12, 15, 11, 18, 21, 18, 15, 10, 9, 9, 16, 12, 10, 12, 26, 20, 11, 10, 4, 8, 12, 13, 12, 13, 13, 13, 7, 13, 16, 8, 9, 10, 13, 18, 12, 15, 20, 13, 13, 9, 10, 10, 10, 9, 10, 14, 10, 30, 17, 10, 6, 11])","[0.09615384615384615, -0.02777777777777768, 0.125, -0.5, -0.25, 0.02777777777777779, -0.03125, 0.10416666666666663, 0.44999999999999996, -0.553030303030303, 0.13888888888888884, 0.45238095238095233, 0.1527777777777778, -0.016666666666666607, -0.5375000000000001, 0.02777777777777779, 0.08333333333333337, 0.33333333333333337, 0.5416666666666667, -0.10000000000000009, -0.125, 0.13461538461538458, 0.025000000000000022, 0.06818181818181823, -0.2250000000000001, 1.0, -0.28125, -0.26041666666666674, -0.33653846153846145, -0.26041666666666674, 0.07692307692307687, 0.0, 0.5, -0.6071428571428572, -0.05769230769230771, -0.171875, 0.46875, 0.0, -0.17500000000000004, 0.038461538461538436, 0.0, 0.02083333333333337, -0.1166666666666667, 0.15000000000000002, 0.05769230769230771, 0.019230769230769273, -0.2777777777777777, -0.375, -0.19999999999999996, 0.525, -0.05555555555555558, -0.07499999999999996, -0.2142857142857142, -0.050000000000000044, 0.25, 0.13235294117647056, -0.050000000000000044, -0.33333333333333326, 0.09090909090909094]"
58,img000001.png,Bona Fide,"dict_values([11, 8, 10, 6, 3, 9, 6, 10, 15, 10, 18, 20, 16, 15, 8, 10, 11, 20, 10, 11, 11, 23, 19, 9, 11, 4, 7, 10, 12, 11, 17, 12, 12, 8, 12, 15, 11, 11, 11, 11, 18, 13, 15, 17, 14, 10, 10, 11, 11, 12, 13, 12, 14, 11, 27, 17, 11, 5, 10])","[0.09090909090909094, 0.0, 0.07499999999999996, -0.16666666666666674, 1.0, -0.16666666666666674, -0.16666666666666674, 0.09999999999999998, 0.44999999999999996, -0.7, 0.1527777777777778, 0.41666666666666674, 0.140625, -0.050000000000000044, -0.640625, 0.050000000000000044, -0.11363636363636354, 0.41666666666666674, 0.475, 0.022727272727272707, -0.18181818181818188, 0.09782608695652173, 0.052631578947368474, -0.05555555555555558, -0.13636363636363646, 0.9999999999999936, -0.39285714285713924, -0.2875000000000001, -0.28125, -0.19318181818181812, 0.16176470588235292, 0.0, 0.5, -0.65625, -0.0625, -0.1499999999999999, 0.5, 0.0, -0.15909090909090917, -0.022727272727272707, 0.02777777777777779, 0.07692307692307687, -0.06666666666666665, 0.1029411764705882, 0.125, -0.125, -0.2749999999999999, -0.34090909090909083, -0.20454545454545459, 0.47916666666666663, 0.038461538461538436, -0.0625, -0.1964285714285714, -0.045454545454545414, 0.2314814814814815, 0.11764705882352944, -0.045454545454545414, -0.3999999999999999, 0.125]"
59,morphed_img000270_img099545.png,Morphed,"dict_values([13, 10, 12, 6, 5, 10, 7, 12, 15, 10, 18, 21, 17, 19, 10, 10, 12, 23, 10, 10, 13, 26, 19, 13, 12, 6, 8, 12, 18, 18, 17, 13, 11, 11, 14, 16, 11, 11, 13, 13, 20, 18, 20, 23, 16, 16, 19, 20, 13, 12, 13, 14, 16, 14, 31, 23, 17, 5, 11])","[0.07692307692307687, 0.050000000000000044, 0.10416666666666663, -0.29166666666666674, -0.6000000000000001, 0.050000000000000044, -0.1428571428571428, 0.125, 0.44999999999999996, -0.7666666666666664, 0.1527777777777778, 0.4047619047619049, 0.07352941176470584, 0.052631578947368474, -0.6499999999999999, 0.0, 0.1875, 0.44202898550724645, 0.5, -0.07499999999999996, -0.05769230769230771, 0.125, -0.013157894736842035, 0.07692307692307687, 0.10416666666666663, -0.33333333333333326, 0.0, -0.375, -0.22222222222222232, -0.125, 0.05882352941176472, 0.019230769230769273, 0.4545454545454546, -0.6022727272727273, -0.017857142857142794, -0.203125, 0.5, -0.045454545454545414, -0.09615384615384626, -0.07692307692307687, 0.012499999999999956, 0.125, -0.07499999999999996, 0.08695652173913049, -0.015625, -0.03125, -0.13815789473684204, -0.1812499999999999, -0.375, 0.47916666666666663, 0.0, -0.017857142857142794, -0.203125, -0.0535714285714286, 0.24193548387096775, 0.06521739130434778, -0.014705882352941124, -0.55, 0.11363636363636365]"
60,img005969.png,Bona Fide,"dict_values([13, 9, 11, 6, 5, 9, 7, 10, 13, 9, 17, 17, 18, 17, 9, 11, 11, 21, 9, 11, 12, 25, 17, 13, 12, 6, 7, 13, 14, 13, 20, 12, 11, 11, 12, 14, 12, 11, 14, 11, 19, 14, 17, 21, 15, 13, 16, 16, 13, 12, 14, 14, 15, 12, 30, 23, 14, 6, 10])","[0.11538461538461542, -0.02777777777777768, 0.06818181818181823, -0.25, -0.5, 0.0, -0.0714285714285714, 0.07499999999999996, 0.42307692307692313, -0.7592592592592591, 0.17647058823529416, 0.37254901960784315, 0.13888888888888884, -0.05882352941176472, -0.6805555555555556, 0.09090909090909094, 0.13636363636363635, 0.46031746031746035, 0.4444444444444444, 0.022727272727272707, -0.08333333333333326, 0.14, -0.044117647058823595, 0.09615384615384615, 0.10416666666666663, -0.29166666666666674, -0.1071428571428572, -0.1826923076923077, -0.3125, -0.22115384615384626, 0.15000000000000002, 0.02083333333333337, 0.4772727272727273, -0.5909090909090908, -0.04166666666666674, -0.25, 0.5208333333333333, -0.09090909090909083, -0.03571428571428581, -0.11363636363636354, -0.013157894736842035, 0.0892857142857143, -0.1470588235294117, 0.13095238095238093, 0.050000000000000044, -0.03846153846153855, -0.15625, -0.296875, -0.26923076923076916, 0.45833333333333337, 0.0357142857142857, -0.017857142857142794, -0.2333333333333334, -0.0625, 0.2583333333333333, 0.14130434782608692, -0.0535714285714286, -0.29166666666666674, 0.09999999999999998]"
61,img004837.png,Bona Fide,"dict_values([12, 6, 12, 6, 5, 7, 8, 10, 14, 12, 16, 24, 23, 18, 16, 8, 12, 12, 13, 12, 14, 26, 20, 9, 11, 4, 6, 17, 13, 12, 18, 16, 15, 11, 15, 17, 9, 10, 11, 13, 17, 13, 19, 22, 15, 15, 10, 9, 14, 10, 13, 11, 13, 11, 30, 15, 10, 5, 11])","[0.125, -0.20833333333333326, 0.125, -0.33333333333333326, -0.44999999999999996, 0.0, 0.0, 0.025000000000000022, 0.4642857142857143, -0.41666666666666674, 0.09375, 0.5, 0.13043478260869568, -0.06944444444444442, -0.3125, -0.0625, 0.22916666666666663, 0.16666666666666663, 0.5192307692307692, -0.0625, -0.0714285714285714, 0.14423076923076927, 0.0, 0.0, -0.13636363636363646, 0.999999997423558, -0.4166666649490385, -0.11764705882352944, -0.48076923076923084, -0.41666666666666674, 0.09722222222222221, 0.03125, 0.4833333333333333, -0.40909090909090917, -0.050000000000000044, -0.16176470588235303, 0.4722222222222222, 0.0, -0.11363636363636354, -0.07692307692307687, -0.044117647058823595, 0.038461538461538436, 0.013157894736842146, 0.13636363636363635, 0.08333333333333337, 0.050000000000000044, -0.30000000000000004, -0.5277777777777777, -0.08928571428571419, 0.42500000000000004, 0.09615384615384615, -0.09090909090909083, -0.28846153846153855, -0.11363636363636354, 0.25, 0.033333333333333326, -0.125, -0.3500000000000001, 0.15909090909090906]"
62,img005659.png,Bona Fide,"dict_values([13, 9, 13, 6, 2, 8, 10, 12, 19, 12, 20, 25, 23, 16, 14, 8, 11, 14, 14, 13, 14, 22, 21, 11, 9, 3, 6, 15, 16, 15, 9, 15, 17, 5, 17, 17, 4, 7, 9, 16, 15, 12, 17, 22, 13, 16, 8, 9, 8, 6, 6, 8, 12, 8, 27, 15, 9, 4, 11])","[0.07692307692307687, -0.33333333333333326, 0.13461538461538458, -0.45833333333333326, 1.0, -0.21875, 0.050000000000000044, 0.0625, 0.48684210526315785, -0.5416666666666667, 0.11250000000000004, 0.4933333333333334, 0.17391304347826086, 0.0, -0.4464285714285714, -0.03125, -0.022727272727272707, 0.22619047619047628, 0.5178571428571428, -0.03846153846153855, -0.1071428571428572, 0.09090909090909094, 0.0714285714285714, 0.11363636363636365, -0.22222222222222232, 0.9999999999971807, -0.3333333333319235, -0.2666666666666666, -0.3125, -0.2666666666666666, -0.08333333333333326, -0.06666666666666665, 0.5294117647058824, -0.7, 0.02941176470588236, -0.1470588235294117, 0.9999999999999936, -0.35714285714285365, -0.11111111111111116, 0.078125, -0.016666666666666607, 0.0, -0.044117647058823595, 0.125, 0.019230769230769273, 0.0625, -0.25, -0.33333333333333326, -0.21875, 0.5, -0.08333333333333326, -0.0625, -0.22916666666666674, -0.125, 0.2314814814814815, 0.06666666666666665, -0.08333333333333326, 1.0, -0.20454545454545459]"
63,img005888.png,Bona Fide,"dict_values([13, 10, 14, 8, 4, 9, 12, 12, 22, 14, 22, 22, 24, 15, 16, 9, 10, 9, 17, 15, 14, 24, 22, 12, 8, 3, 5, 16, 19, 18, 6, 18, 20, 5, 17, 17, 4, 5, 7, 14, 18, 13, 17, 24, 15, 16, 8, 9, 5, 8, 5, 6, 13, 6, 28, 15, 7, 6, 13])","[0.038461538461538436, 0.025000000000000022, 0.125, -0.3125, 1.0, -0.3055555555555556, 0.08333333333333337, -0.02083333333333326, 0.5, -0.3452380952380951, 0.09090909090909094, 0.49242424242424243, 0.17708333333333337, 0.0, -0.4140625, 0.08333333333333337, -0.17500000000000004, 0.0, 0.5294117647058824, -0.016666666666666607, -0.1607142857142858, 0.08333333333333337, 0.06818181818181823, 0.14583333333333337, -0.3125, 0.9999998499531174, -0.4999999099718704, -0.2578125, -0.26973684210526305, -0.20138888888888884, -0.33333333333333326, -0.01388888888888884, 0.525, -0.4750000000000001, -0.014705882352941124, -0.16176470588235303, 0.9998611811020155, -0.4998889448816124, -0.3214285714285714, -0.017857142857142794, 0.06944444444444442, 0.11538461538461542, -0.07352941176470584, 0.125, 0.1166666666666667, -0.015625, -0.140625, -0.29166666666666674, -0.4750000000000001, 0.59375, -0.19999999999999996, -0.25, -0.15384615384615374, -0.25, 0.2321428571428571, 0.06666666666666665, -0.3214285714285714, -0.45833333333333326, 0.15384615384615385]"
64,img005015.png,Bona Fide,"dict_values([13, 9, 11, 5, 3, 9, 9, 12, 16, 10, 16, 24, 18, 22, 9, 11, 11, 23, 10, 11, 13, 25, 22, 12, 11, 5, 8, 14, 22, 22, 17, 14, 11, 9, 16, 17, 10, 10, 13, 17, 20, 18, 20, 27, 18, 20, 21, 21, 13, 11, 12, 13, 16, 15, 31, 25, 18, 4, 11])","[0.11538461538461542, -0.33333333333333326, 0.09090909090909094, -0.5, 1.0, -0.25, 0.02777777777777779, 0.08333333333333337, 0.5, -0.7666666666666664, 0.09375, 0.4375000000000001, 0.06944444444444442, 0.10227272727272729, -0.9305555555555556, 0.06818181818181823, -0.13636363636363646, 0.42028985507246386, 0.475, -0.022727272727272707, -0.13461538461538458, 0.07999999999999996, 0.06818181818181823, 0.08333333333333337, 0.11363636363636365, -0.44999999999999996, 0.0, -0.4017857142857142, -0.1875, -0.10795454545454541, 0.044117647058823484, 0.017857142857142905, 0.43181818181818177, -0.8611111111111112, 0.015625, -0.19117647058823528, 0.5, -0.07499999999999996, -0.07692307692307687, 0.02941176470588236, 0.025000000000000022, 0.05555555555555558, -0.1499999999999999, 0.11111111111111116, -0.02777777777777768, 0.0, -0.09523809523809534, -0.1785714285714286, -0.40384615384615374, 0.4772727272727273, 0.0, -0.03846153846153855, -0.1875, -0.016666666666666607, 0.2338709677419355, 0.08999999999999997, -0.04166666666666674, 1.0, -0.20454545454545459]"
65,img005119.png,Bona Fide,"dict_values([11, 8, 9, 4, 6, 10, 5, 8, 18, 15, 20, 11, 14, 18, 7, 11, 12, 23, 7, 8, 8, 24, 17, 12, 14, 7, 10, 11, 11, 11, 27, 9, 8, 19, 8, 12, 14, 15, 13, 7, 21, 15, 20, 16, 15, 9, 18, 18, 20, 18, 17, 16, 16, 16, 28, 26, 18, 5, 10])","[0.11363636363636365, 0.0, -0.2777777777777777, 0.9998611811020155, -0.41666666666666674, 0.050000000000000044, -0.5498889448816124, 0.03125, 0.4722222222222222, -0.2944444444444443, 0.08750000000000002, 0.09090909090909094, 0.0535714285714286, -0.06944444444444442, -0.7142857142857142, 0.0, 0.14583333333333337, 0.4782608695652174, 0.4642857142857143, 0.03125, -0.28125, 0.10416666666666663, 0.02941176470588236, 0.0, 0.1607142857142857, -0.3571428571428572, 0.050000000000000044, -0.11363636363636354, -0.3181818181818181, -0.15909090909090917, 0.15740740740740744, 0.05555555555555558, 0.46875, -0.3486842105263157, -0.15625, -0.25, 0.4821428571428571, 0.050000000000000044, -0.1923076923076923, -0.4285714285714286, 0.059523809523809534, 0.1166666666666667, -0.02499999999999991, 0.015625, 0.050000000000000044, -0.22222222222222232, -0.27083333333333326, -0.3819444444444444, -0.16874999999999996, 0.5138888888888888, 0.0, -0.015625, -0.1875, -0.046875, 0.25, 0.13461538461538458, 0.04166666666666663, -0.3999999999999999, 0.17500000000000004]"
66,img005688.png,Bona Fide,"dict_values([16, 11, 14, 7, 6, 12, 9, 11, 17, 11, 17, 22, 21, 18, 11, 11, 13, 18, 11, 14, 15, 29, 22, 13, 13, 6, 8, 14, 14, 12, 17, 15, 14, 9, 15, 19, 10, 10, 12, 12, 20, 14, 17, 18, 13, 14, 10, 10, 12, 12, 12, 13, 17, 10, 34, 17, 11, 7, 13])","[0.109375, -0.022727272727272707, 0.0892857142857143, -0.3214285714285714, -0.5416666666666667, 0.10416666666666663, 0.0, 0.0, 0.5, -0.5757575757575757, 0.08823529411764708, 0.446969696969697, 0.15476190476190477, -0.02777777777777768, -0.5568181818181819, 0.022727272727272707, 0.17307692307692313, 0.36111111111111116, 0.43181818181818177, 0.0357142857142857, -0.10000000000000009, 0.13793103448275867, 0.0, 0.019230769230769273, 0.13461538461538458, -0.375, -0.03125, -0.1696428571428572, -0.2767857142857142, -0.32291666666666674, 0.1029411764705882, 0.01666666666666672, 0.4821428571428571, -0.5416666666666667, -0.06666666666666665, -0.14473684210526305, 0.5, -0.050000000000000044, -0.125, -0.08333333333333326, -0.012499999999999956, 0.1071428571428571, -0.014705882352941124, 0.06944444444444442, 0.019230769230769273, 0.0535714285714286, -0.2875000000000001, -0.4375, -0.13541666666666674, 0.5, -0.02083333333333326, -0.05769230769230771, -0.19117647058823528, -0.1499999999999999, 0.23529411764705888, 0.1029411764705882, -0.022727272727272707, -0.3571428571428572, 0.15384615384615385]"
